"","V1","V2"
"1",NA,NA
"2",NA,NA
"3",NA,NA
"4",NA,NA
"5",NA,NA
"6",NA,NA
"7",NA,NA
"8",NA,NA
"9",NA,NA
"10",NA,NA
"11",NA,NA
"12",NA,NA
"13",0.148922794048814,1.04927607127479
"14",0.148922794048813,1.04927607127479
"15",0.148922794048813,1.04927607127479
"16",0.148922794048813,1.04927607127479
"17",0.148922794048813,1.04927607127479
"18",0.148922794048813,1.04927607127479
"19",0.148922794048813,1.04927607127479
"20",0.148922794048813,1.04927607127479
"21",0.148922794048813,1.04927607127479
"22",0.148922794048813,1.04927607127479
"23",0.148922794048813,1.04927607127479
"24",0.148922794048813,1.04927607127479
"25",0.148922794048813,1.04927607127479
"26",0.148922794048813,1.04927607127479
"27",0.148922794048813,1.04927607127479
"28",0.148922794048813,1.04927607127479
"29",0.148922794048813,1.04927607127479
"30",0.148922794048813,1.04927607127479
"31",0.148922794048813,1.04927607127479
"32",0.148922794048813,1.04927607127479
"33",0.148922794048813,1.04927607127479
"34",0.148922794048813,1.04927607127479
"35",0.148922794048813,1.04927607127479
"36",0.148922794048813,1.04927607127479
"37",0.148922794048813,1.04927607127479
"38",0.148922794048813,1.04927607127479
"39",0.148922794048813,1.04927607127479
"40",0.148922794048813,1.04927607127479
"41",0.148922794048813,1.04927607127479
"42",0.148922794048814,1.04927607127479
"43",NA,NA
"44",NA,NA
"45",NA,NA
"46",NA,NA
"47",NA,NA
"48",NA,NA
"49",NA,NA
"50",NA,NA
"51",NA,NA
"52",NA,NA
"53",NA,NA
"54",NA,NA
"55",NA,NA
"56",NA,NA
"57",NA,NA
"58",NA,NA
"59",NA,NA
"60",NA,NA
"61",NA,NA
"62",NA,NA
"63",NA,NA
"64",NA,NA
"65",0.394423331612911,-0.032392725120564
"66",0.394423331612911,-0.032392725120564
"67",0.394423331612911,-0.032392725120564
"68",0.394423331612911,-0.032392725120564
"69",0.394423331612911,-0.032392725120564
"70",0.394423331612911,-0.032392725120564
"71",0.394423331612911,-0.032392725120564
"72",0.394423331612911,-0.032392725120564
"73",0.394423331612911,-0.032392725120564
"74",0.394423331612911,-0.032392725120564
"75",NA,NA
"76",NA,NA
"77",NA,NA
"78",NA,NA
"79",NA,NA
"80",NA,NA
"81",NA,NA
"82",NA,NA
"83",NA,NA
"84",NA,NA
"85",NA,NA
"86",NA,NA
"87",NA,NA
"88",NA,NA
"89",-0.104282152298113,-0.183348561025018
"90",-0.104282152298113,-0.183348561025018
"91",-0.104282152298113,-0.183348561025018
"92",-0.104282152298113,-0.183348561025018
"93",-0.104282152298113,-0.183348561025018
"94",-0.104282152298113,-0.183348561025018
"95",-0.104282152298113,-0.183348561025018
"96",-0.104282152298113,-0.183348561025018
"97",-0.104282152298113,-0.183348561025018
"98",NA,NA
"99",NA,NA
"100",NA,NA
"101",NA,NA
"102",NA,NA
"103",NA,NA
"104",NA,NA
"105",NA,NA
"106",NA,NA
"107",NA,NA
"108",NA,NA
"109",NA,NA
"110",NA,NA
"111",NA,NA
"112",NA,NA
"113",NA,NA
"114",NA,NA
"115",NA,NA
"116",NA,NA
"117",NA,NA
"118",NA,NA
"119",NA,NA
"120",NA,NA
"121",NA,NA
"122",NA,NA
"123",NA,NA
"124",-0.533370889678584,-0.796472263318074
"125",-0.533370889678584,-0.796472263318074
"126",-0.533370889678584,-0.796472263318074
"127",-0.533370889678584,-0.796472263318074
"128",-0.533370889678584,-0.796472263318074
"129",-0.533370889678584,-0.796472263318074
"130",-0.533370889678584,-0.796472263318074
"131",-0.533370889678584,-0.796472263318074
"132",-0.533370889678584,-0.796472263318074
"133",-0.533370889678584,-0.796472263318074
"134",-0.533370889678584,-0.796472263318074
"135",-0.533370889678584,-0.796472263318074
"136",-0.533370889678584,-0.796472263318074
"137",-0.533370889678584,-0.796472263318074
"138",-0.533370889678584,-0.796472263318074
"139",-0.533370889678584,-0.796472263318074
"140",-0.533370889678584,-0.796472263318074
"141",-0.533370889678584,-0.796472263318074
"142",-0.533370889678584,-0.796472263318074
"143",-0.533370889678584,-0.796472263318074
"144",-0.533370889678584,-0.796472263318074
"145",-0.533370889678584,-0.796472263318074
"146",-0.533370889678584,-0.796472263318074
"147",-0.533370889678584,-0.796472263318074
"148",-0.533370889678584,-0.796472263318074
"149",-0.533370889678584,-0.796472263318074
"150",-0.533370889678584,-0.796472263318074
"151",-0.533370889678584,-0.796472263318074
"152",-0.533370889678584,-0.796472263318074
"153",-0.533370889678584,-0.796472263318074
"154",-0.533370889678584,-0.796472263318074
"155",-0.533370889678584,-0.796472263318074
"156",NA,NA
"157",0.205761146623711,0.344858589638888
"158",0.205761146623711,0.344858589638888
"159",0.205761146623711,0.344858589638888
"160",0.205761146623711,0.344858589638888
"161",NA,NA
"162",NA,NA
"163",NA,NA
"164",NA,NA
"165",NA,NA
"166",NA,NA
"167",NA,NA
"168",NA,NA
"169",NA,NA
"170",0.376311208737471,-0.413220942749066
"171",0.376311208737471,-0.413220942749066
"172",0.376311208737471,-0.413220942749066
"173",NA,NA
"174",0.597741404259605,0.17722905343285
"175",0.597741404259605,0.17722905343285
"176",0.597741404259605,0.17722905343285
"177",0.597741404259605,0.17722905343285
"178",0.597741404259605,0.17722905343285
"179",0.597741404259605,0.17722905343285
"180",0.597741404259605,0.17722905343285
"181",0.597741404259605,0.17722905343285
"182",NA,NA
"183",NA,NA
"184",NA,NA
"185",NA,NA
"186",NA,NA
"187",-0.372898538615585,-0.450877644062694
"188",-0.372898538615585,-0.450877644062694
"189",-0.372898538615585,-0.450877644062694
"190",-0.372898538615585,-0.450877644062694
"191",-0.372898538615585,-0.450877644062694
"192",-0.372898538615585,-0.450877644062694
"193",-0.372898538615585,-0.450877644062694
"194",-0.372898538615585,-0.450877644062694
"195",-0.372898538615585,-0.450877644062694
"196",-0.372898538615585,-0.450877644062694
"197",-0.372898538615585,-0.450877644062694
"198",-0.372898538615585,-0.450877644062694
"199",-0.372898538615585,-0.450877644062694
"200",-0.372898538615585,-0.450877644062694
"201",-0.372898538615585,-0.450877644062694
"202",-0.372898538615585,-0.450877644062694
"203",-0.372898538615585,-0.450877644062694
"204",-0.372898538615585,-0.450877644062694
"205",-0.372898538615585,-0.450877644062694
"206",-0.372898538615585,-0.450877644062694
"207",-0.372898538615585,-0.450877644062694
"208",-0.372898538615585,-0.450877644062694
"209",-0.372898538615585,-0.450877644062694
"210",-0.372898538615585,-0.450877644062694
"211",-0.372898538615585,-0.450877644062694
"212",-0.372898538615585,-0.450877644062694
"213",-0.372898538615585,-0.450877644062694
"214",-0.372898538615585,-0.450877644062694
"215",-0.372898538615585,-0.450877644062694
"216",NA,NA
"217",NA,NA
"218",NA,NA
"219",NA,NA
"220",NA,NA
"221",NA,NA
"222",NA,NA
"223",NA,NA
"224",NA,NA
"225",NA,NA
"226",NA,NA
"227",NA,NA
"228",NA,NA
"229",NA,NA
"230",NA,NA
"231",NA,NA
"232",NA,NA
"233",NA,NA
"234",NA,NA
"235",NA,NA
"236",NA,NA
"237",NA,NA
"238",NA,NA
"239",NA,NA
"240",NA,NA
"241",NA,NA
"242",NA,NA
"243",NA,NA
"244",NA,NA
"245",NA,NA
"246",NA,NA
"247",NA,NA
"248",NA,NA
"249",NA,NA
"250",NA,NA
"251",NA,NA
"252",NA,NA
"253",NA,NA
"254",NA,NA
"255",0.1973426756353,-0.636949392762033
"256",0.1973426756353,-0.636949392762033
"257",0.1973426756353,-0.636949392762033
"258",0.1973426756353,-0.636949392762033
"259",0.1973426756353,-0.636949392762033
"260",0.1973426756353,-0.636949392762033
"261",0.1973426756353,-0.636949392762033
"262",0.1973426756353,-0.636949392762033
"263",0.1973426756353,-0.636949392762033
"264",0.1973426756353,-0.636949392762033
"265",0.1973426756353,-0.636949392762033
"266",0.1973426756353,-0.636949392762033
"267",NA,NA
"268",NA,NA
"269",NA,NA
"270",NA,NA
"271",NA,NA
"272",NA,NA
"273",-0.0689588160348659,0.432003808749838
"274",-0.0689588160348659,0.432003808749838
"275",-0.0689588160348659,0.432003808749838
"276",-0.0689588160348659,0.432003808749838
"277",-0.0689588160348659,0.432003808749838
"278",-0.0689588160348659,0.432003808749838
"279",-0.0689588160348659,0.432003808749838
"280",-0.0689588160348659,0.432003808749838
"281",-0.0689588160348659,0.432003808749838
"282",-0.0689588160348659,0.432003808749838
"283",-0.0689588160348659,0.432003808749838
"284",-0.0689588160348659,0.432003808749838
"285",0.271846577314121,0.323013829952208
"286",0.271846577314121,0.323013829952208
"287",0.271846577314121,0.323013829952208
"288",0.271846577314121,0.323013829952208
"289",0.271846577314121,0.323013829952208
"290",0.271846577314121,0.323013829952208
"291",NA,NA
"292",NA,NA
"293",NA,NA
"294",NA,NA
"295",NA,NA
"296",NA,NA
"297",NA,NA
"298",NA,NA
"299",NA,NA
"300",NA,NA
"301",NA,NA
"302",NA,NA
"303",NA,NA
"304",NA,NA
"305",NA,NA
"306",NA,NA
"307",NA,NA
"308",NA,NA
"309",NA,NA
"310",NA,NA
"311",NA,NA
"312",-0.0106048159767179,0.43350456825999
"313",-0.0106048159767179,0.43350456825999
"314",-0.0106048159767179,0.43350456825999
"315",-0.0106048159767179,0.43350456825999
"316",NA,NA
"317",NA,NA
"318",NA,NA
"319",NA,NA
"320",NA,NA
"321",0.168321420189177,0.363107273357508
"322",0.168321420189177,0.363107273357508
"323",0.168321420189177,0.363107273357508
"324",0.168321420189177,0.363107273357508
"325",0.168321420189177,0.363107273357508
"326",0.168321420189177,0.363107273357508
"327",0.168321420189177,0.363107273357508
"328",NA,NA
"329",NA,NA
"330",NA,NA
"331",NA,NA
"332",NA,NA
"333",NA,NA
"334",-0.0125199529556353,-0.580286168937488
"335",-0.0125199529556353,-0.580286168937488
"336",-0.0125199529556353,-0.580286168937488
"337",-0.0125199529556353,-0.580286168937488
"338",-0.0125199529556353,-0.580286168937488
"339",-0.0125199529556353,-0.580286168937488
"340",-0.0125199529556353,-0.580286168937488
"341",-0.0125199529556353,-0.580286168937488
"342",-0.0125199529556353,-0.580286168937488
"343",-0.0125199529556353,-0.580286168937488
"344",-0.0125199529556353,-0.580286168937488
"345",-0.0125199529556353,-0.580286168937488
"346",-0.0125199529556353,-0.580286168937488
"347",-0.0125199529556353,-0.580286168937488
"348",-0.0125199529556353,-0.580286168937488
"349",-0.0125199529556353,-0.580286168937488
"350",-0.0125199529556353,-0.580286168937488
"351",-0.0125199529556353,-0.580286168937488
"352",-0.0125199529556353,-0.580286168937488
"353",-0.0125199529556353,-0.580286168937488
"354",-0.0125199529556353,-0.580286168937488
"355",-0.0125199529556353,-0.580286168937488
"356",-0.0125199529556353,-0.580286168937488
"357",-0.0125199529556353,-0.580286168937488
"358",-0.0125199529556353,-0.580286168937488
"359",-0.0125199529556353,-0.580286168937488
"360",-0.0125199529556353,-0.580286168937488
"361",-0.0125199529556353,-0.580286168937488
"362",-0.0125199529556353,-0.580286168937488
"363",-0.0125199529556353,-0.580286168937488
"364",-0.0125199529556353,-0.580286168937488
"365",-0.0125199529556353,-0.580286168937488
"366",-0.0125199529556353,-0.580286168937488
"367",-0.0125199529556353,-0.580286168937488
"368",-0.0125199529556353,-0.580286168937488
"369",-0.0125199529556353,-0.580286168937488
"370",-0.0125199529556353,-0.580286168937488
"371",-0.0125199529556353,-0.580286168937488
"372",-0.0125199529556353,-0.580286168937488
"373",-0.0125199529556353,-0.580286168937488
"374",-0.0125199529556353,-0.580286168937488
"375",-0.0125199529556353,-0.580286168937488
"376",-0.0125199529556353,-0.580286168937488
"377",NA,NA
"378",0.159847763791211,0.0752203026548762
"379",0.159847763791211,0.0752203026548762
"380",0.159847763791211,0.0752203026548762
"381",0.159847763791211,0.0752203026548762
"382",0.159847763791211,0.0752203026548762
"383",NA,NA
"384",NA,NA
"385",NA,NA
"386",NA,NA
"387",NA,NA
"388",NA,NA
"389",NA,NA
"390",NA,NA
"391",NA,NA
"392",NA,NA
"393",NA,NA
"394",-1.11298828566149,-0.542732312321951
"395",-1.11298828566149,-0.542732312321951
"396",-1.11298828566149,-0.542732312321951
"397",-1.11298828566149,-0.542732312321951
"398",-1.11298828566149,-0.542732312321951
"399",-1.11298828566149,-0.542732312321951
"400",-1.11298828566149,-0.542732312321951
"401",-1.11298828566149,-0.542732312321951
"402",-1.11298828566149,-0.542732312321951
"403",-1.11298828566149,-0.542732312321951
"404",-1.11298828566149,-0.542732312321951
"405",-1.11298828566149,-0.542732312321951
"406",-1.11298828566149,-0.542732312321951
"407",-1.11298828566149,-0.542732312321951
"408",-1.11298828566149,-0.542732312321951
"409",-1.11298828566149,-0.542732312321951
"410",-1.11298828566149,-0.542732312321951
"411",-1.11298828566149,-0.542732312321951
"412",-1.11298828566149,-0.542732312321951
"413",-1.11298828566149,-0.542732312321951
"414",-1.11298828566149,-0.542732312321951
"415",-1.11298828566149,-0.542732312321951
"416",-1.11298828566149,-0.542732312321951
"417",-1.11298828566149,-0.542732312321951
"418",-1.11298828566149,-0.542732312321951
"419",-1.11298828566149,-0.542732312321951
"420",-1.11298828566149,-0.542732312321951
"421",-1.11298828566149,-0.542732312321951
"422",-1.11298828566149,-0.542732312321951
"423",-1.11298828566149,-0.542732312321951
"424",-1.11298828566149,-0.542732312321951
"425",-1.11298828566149,-0.542732312321951
"426",-1.11298828566149,-0.542732312321951
"427",-1.11298828566149,-0.542732312321951
"428",-1.11298828566149,-0.542732312321951
"429",-1.11298828566149,-0.542732312321951
"430",-1.11298828566149,-0.542732312321951
"431",-1.11298828566149,-0.542732312321951
"432",-1.11298828566149,-0.542732312321951
"433",-1.11298828566149,-0.542732312321951
"434",-1.11298828566149,-0.542732312321951
"435",-1.11298828566149,-0.542732312321951
"436",-1.11298828566149,-0.542732312321951
"437",-1.11298828566149,-0.542732312321951
"438",-1.11298828566149,-0.542732312321951
"439",-1.11298828566149,-0.542732312321951
"440",-1.11298828566149,-0.542732312321951
"441",-1.11298828566149,-0.542732312321951
"442",-1.11298828566149,-0.542732312321951
"443",-1.11298828566149,-0.542732312321951
"444",-1.11298828566149,-0.542732312321951
"445",-1.11298828566149,-0.542732312321951
"446",-1.11298828566149,-0.542732312321951
"447",-1.11298828566149,-0.542732312321951
"448",-1.11298828566149,-0.542732312321951
"449",-1.11298828566149,-0.542732312321951
"450",-1.11298828566149,-0.542732312321951
"451",NA,NA
"452",NA,NA
"453",NA,NA
"454",NA,NA
"455",NA,NA
"456",NA,NA
"457",NA,NA
"458",NA,NA
"459",NA,NA
"460",NA,NA
"461",NA,NA
"462",NA,NA
"463",NA,NA
"464",NA,NA
"465",NA,NA
"466",NA,NA
"467",NA,NA
"468",NA,NA
"469",NA,NA
"470",NA,NA
"471",NA,NA
"472",NA,NA
"473",NA,NA
"474",NA,NA
"475",NA,NA
"476",NA,NA
"477",NA,NA
"478",NA,NA
"479",NA,NA
"480",NA,NA
"481",NA,NA
"482",NA,NA
"483",NA,NA
"484",NA,NA
"485",NA,NA
"486",NA,NA
"487",NA,NA
"488",NA,NA
"489",NA,NA
"490",NA,NA
"491",NA,NA
"492",NA,NA
"493",NA,NA
"494",NA,NA
"495",NA,NA
"496",NA,NA
"497",NA,NA
"498",NA,NA
"499",NA,NA
"500",NA,NA
"501",NA,NA
"502",NA,NA
"503",NA,NA
"504",NA,NA
"505",NA,NA
"506",NA,NA
"507",NA,NA
"508",NA,NA
"509",NA,NA
"510",NA,NA
"511",NA,NA
"512",NA,NA
"513",NA,NA
"514",0.233307861884326,0.15784245682304
"515",0.233307861884326,0.15784245682304
"516",0.233307861884326,0.15784245682304
"517",0.233307861884326,0.15784245682304
"518",0.233307861884326,0.15784245682304
"519",0.233307861884326,0.15784245682304
"520",0.233307861884326,0.15784245682304
"521",0.233307861884326,0.15784245682304
"522",0.233307861884326,0.15784245682304
"523",0.233307861884326,0.15784245682304
"524",0.233307861884326,0.15784245682304
"525",0.233307861884326,0.15784245682304
"526",0.233307861884326,0.15784245682304
"527",0.233307861884326,0.15784245682304
"528",0.233307861884326,0.15784245682304
"529",0.233307861884326,0.15784245682304
"530",0.233307861884326,0.15784245682304
"531",0.233307861884326,0.15784245682304
"532",0.233307861884326,0.15784245682304
"533",0.233307861884326,0.15784245682304
"534",0.233307861884326,0.15784245682304
"535",0.233307861884326,0.15784245682304
"536",0.233307861884326,0.15784245682304
"537",0.233307861884326,0.15784245682304
"538",0.233307861884326,0.15784245682304
"539",0.233307861884326,0.15784245682304
"540",0.233307861884326,0.15784245682304
"541",0.233307861884326,0.15784245682304
"542",0.233307861884326,0.15784245682304
"543",0.233307861884326,0.15784245682304
"544",0.233307861884326,0.15784245682304
"545",0.233307861884326,0.15784245682304
"546",0.233307861884326,0.15784245682304
"547",0.233307861884326,0.15784245682304
"548",0.233307861884326,0.15784245682304
"549",0.233307861884326,0.15784245682304
"550",NA,NA
"551",NA,NA
"552",NA,NA
"553",NA,NA
"554",NA,NA
"555",NA,NA
"556",NA,NA
"557",NA,NA
"558",NA,NA
"559",NA,NA
"560",NA,NA
"561",NA,NA
"562",NA,NA
"563",NA,NA
"564",NA,NA
"565",NA,NA
"566",NA,NA
"567",NA,NA
"568",NA,NA
"569",NA,NA
"570",NA,NA
"571",NA,NA
"572",NA,NA
"573",NA,NA
"574",NA,NA
"575",NA,NA
"576",NA,NA
"577",NA,NA
"578",NA,NA
"579",NA,NA
"580",NA,NA
"581",NA,NA
"582",NA,NA
"583",NA,NA
"584",NA,NA
"585",NA,NA
"586",NA,NA
"587",NA,NA
"588",NA,NA
"589",NA,NA
"590",NA,NA
"591",NA,NA
"592",NA,NA
"593",NA,NA
"594",NA,NA
"595",NA,NA
"596",NA,NA
"597",NA,NA
"598",NA,NA
"599",NA,NA
"600",NA,NA
"601",NA,NA
"602",NA,NA
"603",-0.0676155206806677,0.504134089765794
"604",-0.0676155206806677,0.504134089765794
"605",-0.0676155206806677,0.504134089765794
"606",-0.0676155206806677,0.504134089765794
"607",-0.0676155206806677,0.504134089765794
"608",-0.0676155206806677,0.504134089765794
"609",-0.0676155206806677,0.504134089765794
"610",-0.0676155206806677,0.504134089765794
"611",-0.0676155206806677,0.504134089765794
"612",-0.0676155206806677,0.504134089765794
"613",-0.0676155206806677,0.504134089765794
"614",-0.0676155206806677,0.504134089765794
"615",-0.0676155206806677,0.504134089765794
"616",-0.0676155206806677,0.504134089765794
"617",-0.0676155206806677,0.504134089765794
"618",-0.0676155206806677,0.504134089765794
"619",-0.0676155206806677,0.504134089765794
"620",-0.0676155206806677,0.504134089765794
"621",NA,NA
"622",-0.448932714399985,-0.0222662120554158
"623",-0.448932714399985,-0.0222662120554158
"624",-0.448932714399985,-0.0222662120554158
"625",-0.448932714399985,-0.0222662120554158
"626",-0.590126500528979,0.255585427996415
"627",-0.590126500528979,0.255585427996415
"628",NA,NA
"629",NA,NA
"630",NA,NA
"631",NA,NA
"632",NA,NA
"633",0.0348943331785341,0.551014389605279
"634",0.0348943331785341,0.551014389605279
"635",0.0348943331785341,0.551014389605279
"636",0.0348943331785341,0.551014389605279
"637",0.0348943331785341,0.551014389605279
"638",NA,NA
"639",NA,NA
"640",NA,NA
"641",NA,NA
"642",NA,NA
"643",1.09850190910604,0.145767930518241
"644",1.09850190910604,0.145767930518241
"645",1.09850190910604,0.145767930518241
"646",1.09850190910604,0.145767930518241
"647",1.09850190910604,0.145767930518241
"648",1.09850190910604,0.145767930518241
"649",1.09850190910604,0.145767930518241
"650",1.09850190910604,0.145767930518241
"651",1.09850190910604,0.145767930518241
"652",1.09850190910604,0.145767930518241
"653",1.09850190910604,0.145767930518241
"654",1.09850190910604,0.145767930518241
"655",NA,NA
"656",NA,NA
"657",NA,NA
"658",NA,NA
"659",NA,NA
"660",NA,NA
"661",NA,NA
"662",NA,NA
"663",NA,NA
"664",NA,NA
"665",NA,NA
"666",0.246930610038232,-0.171424986228965
"667",0.246930610038232,-0.171424986228965
"668",0.246930610038232,-0.171424986228965
"669",0.246930610038232,-0.171424986228965
"670",0.246930610038232,-0.171424986228965
"671",0.246930610038232,-0.171424986228965
"672",0.246930610038232,-0.171424986228965
"673",0.246930610038232,-0.171424986228965
"674",0.246930610038232,-0.171424986228965
"675",NA,NA
"676",NA,NA
"677",NA,NA
"678",NA,NA
"679",NA,NA
"680",NA,NA
"681",NA,NA
"682",NA,NA
"683",NA,NA
"684",NA,NA
"685",NA,NA
"686",NA,NA
"687",NA,NA
"688",NA,NA
"689",NA,NA
"690",NA,NA
"691",NA,NA
"692",NA,NA
"693",NA,NA
"694",NA,NA
"695",NA,NA
"696",NA,NA
"697",NA,NA
"698",NA,NA
"699",NA,NA
"700",NA,NA
"701",NA,NA
"702",NA,NA
"703",NA,NA
"704",NA,NA
"705",NA,NA
"706",NA,NA
"707",0.490089104511286,-0.699052368887983
"708",0.490089104511286,-0.699052368887983
"709",0.490089104511286,-0.699052368887983
"710",0.490089104511286,-0.699052368887983
"711",NA,NA
"712",NA,NA
"713",NA,NA
"714",NA,NA
"715",NA,NA
"716",NA,NA
"717",NA,NA
"718",NA,NA
"719",-0.131693569791514,-0.136617400615465
"720",-0.131693569791514,-0.136617400615465
"721",-0.131693569791514,-0.136617400615465
"722",-0.131693569791514,-0.136617400615465
"723",-0.131693569791514,-0.136617400615465
"724",-0.131693569791514,-0.136617400615465
"725",-0.131693569791514,-0.136617400615465
"726",-0.131693569791514,-0.136617400615465
"727",-0.131693569791514,-0.136617400615465
"728",-0.131693569791514,-0.136617400615465
"729",-0.131693569791514,-0.136617400615465
"730",-0.131693569791514,-0.136617400615465
"731",-0.131693569791514,-0.136617400615465
"732",-0.131693569791514,-0.136617400615465
"733",-0.131693569791514,-0.136617400615465
"734",-0.131693569791514,-0.136617400615465
"735",-0.131693569791514,-0.136617400615465
"736",-0.131693569791514,-0.136617400615465
"737",NA,NA
"738",NA,NA
"739",NA,NA
"740",NA,NA
"741",NA,NA
"742",-0.388345761499953,0.52056374259264
"743",-0.388345761499953,0.52056374259264
"744",-0.388345761499953,0.52056374259264
"745",-0.388345761499953,0.52056374259264
"746",-0.388345761499953,0.52056374259264
"747",-0.388345761499953,0.52056374259264
"748",-0.388345761499953,0.52056374259264
"749",-0.388345761499953,0.52056374259264
"750",-0.388345761499953,0.52056374259264
"751",-0.388345761499953,0.52056374259264
"752",-0.388345761499953,0.52056374259264
"753",-0.388345761499953,0.52056374259264
"754",-0.388345761499953,0.52056374259264
"755",-0.388345761499953,0.52056374259264
"756",-0.388345761499953,0.52056374259264
"757",-0.388345761499953,0.52056374259264
"758",-0.388345761499953,0.52056374259264
"759",-0.388345761499953,0.52056374259264
"760",-0.388345761499953,0.52056374259264
"761",-0.388345761499953,0.52056374259264
"762",-0.388345761499953,0.52056374259264
"763",-0.388345761499953,0.52056374259264
"764",-0.388345761499953,0.52056374259264
"765",-0.388345761499953,0.52056374259264
"766",-0.388345761499953,0.52056374259264
"767",-0.388345761499953,0.52056374259264
"768",NA,NA
"769",NA,NA
"770",NA,NA
"771",NA,NA
"772",NA,NA
"773",NA,NA
"774",-0.28261044623641,0.183464623140754
"775",-0.28261044623641,0.183464623140754
"776",-0.28261044623641,0.183464623140754
"777",-0.28261044623641,0.183464623140754
"778",-0.28261044623641,0.183464623140754
"779",-0.28261044623641,0.183464623140754
"780",-0.28261044623641,0.183464623140754
"781",-0.28261044623641,0.183464623140754
"782",-0.28261044623641,0.183464623140754
"783",-0.28261044623641,0.183464623140754
"784",-0.28261044623641,0.183464623140754
"785",-0.28261044623641,0.183464623140754
"786",-0.28261044623641,0.183464623140754
"787",-0.28261044623641,0.183464623140754
"788",-0.28261044623641,0.183464623140754
"789",-0.28261044623641,0.183464623140754
"790",-0.28261044623641,0.183464623140754
"791",-0.28261044623641,0.183464623140754
"792",-0.28261044623641,0.183464623140754
"793",-0.28261044623641,0.183464623140754
"794",-0.28261044623641,0.183464623140754
"795",-0.28261044623641,0.183464623140754
"796",-0.28261044623641,0.183464623140754
"797",-0.28261044623641,0.183464623140754
"798",-0.28261044623641,0.183464623140754
"799",-0.28261044623641,0.183464623140754
"800",-0.28261044623641,0.183464623140754
"801",-0.28261044623641,0.183464623140754
"802",-0.28261044623641,0.183464623140754
"803",-0.28261044623641,0.183464623140754
"804",-0.28261044623641,0.183464623140754
"805",-0.28261044623641,0.183464623140754
"806",-0.28261044623641,0.183464623140754
"807",-0.28261044623641,0.183464623140754
"808",-0.28261044623641,0.183464623140754
"809",-0.28261044623641,0.183464623140754
"810",-0.28261044623641,0.183464623140754
"811",-0.28261044623641,0.183464623140754
"812",-0.28261044623641,0.183464623140754
"813",-0.28261044623641,0.183464623140754
"814",-0.28261044623641,0.183464623140754
"815",-0.28261044623641,0.183464623140754
"816",-0.28261044623641,0.183464623140754
"817",-0.28261044623641,0.183464623140754
"818",-0.28261044623641,0.183464623140754
"819",-0.28261044623641,0.183464623140754
"820",-0.28261044623641,0.183464623140754
"821",-0.28261044623641,0.183464623140754
"822",-0.28261044623641,0.183464623140754
"823",-0.28261044623641,0.183464623140754
"824",-0.28261044623641,0.183464623140754
"825",-0.28261044623641,0.183464623140754
"826",-0.28261044623641,0.183464623140754
"827",-0.28261044623641,0.183464623140754
"828",-0.28261044623641,0.183464623140754
"829",-0.28261044623641,0.183464623140754
"830",-0.28261044623641,0.183464623140754
"831",-0.123919908196119,0.141747969714706
"832",1.24387922349687,-0.21781979681967
"833",1.24387922349687,-0.21781979681967
"834",1.24387922349687,-0.21781979681967
"835",NA,NA
"836",NA,NA
"837",NA,NA
"838",0.145055311013795,0.0107941093642589
"839",0.145055311013795,0.0107941093642589
"840",0.145055311013795,0.0107941093642589
"841",0.145055311013795,0.0107941093642589
"842",0.145055311013795,0.0107941093642589
"843",0.145055311013795,0.0107941093642589
"844",0.145055311013795,0.0107941093642589
"845",0.145055311013795,0.0107941093642589
"846",0.145055311013795,0.0107941093642589
"847",0.145055311013795,0.0107941093642589
"848",0.145055311013795,0.0107941093642589
"849",0.145055311013795,0.0107941093642589
"850",0.145055311013795,0.0107941093642589
"851",0.145055311013795,0.0107941093642589
"852",0.145055311013795,0.0107941093642589
"853",0.145055311013795,0.0107941093642589
"854",0.145055311013795,0.0107941093642589
"855",0.145055311013795,0.0107941093642589
"856",0.145055311013795,0.0107941093642589
"857",0.145055311013795,0.0107941093642589
"858",NA,NA
"859",NA,NA
"860",NA,NA
"861",NA,NA
"862",NA,NA
"863",NA,NA
"864",NA,NA
"865",NA,NA
"866",NA,NA
"867",NA,NA
"868",NA,NA
"869",NA,NA
"870",NA,NA
"871",NA,NA
"872",NA,NA
"873",NA,NA
"874",NA,NA
"875",NA,NA
"876",NA,NA
"877",NA,NA
"878",NA,NA
"879",NA,NA
"880",NA,NA
"881",NA,NA
"882",NA,NA
"883",NA,NA
"884",NA,NA
"885",NA,NA
"886",NA,NA
"887",NA,NA
"888",-0.530947400374017,-0.77956353208559
"889",-0.530947400374017,-0.77956353208559
"890",-0.530947400374017,-0.77956353208559
"891",-0.530947400374017,-0.77956353208559
"892",-0.530947400374017,-0.77956353208559
"893",-0.530947400374017,-0.77956353208559
"894",-0.530947400374017,-0.77956353208559
"895",-0.530947400374017,-0.77956353208559
"896",-0.530947400374017,-0.77956353208559
"897",-0.530947400374017,-0.77956353208559
"898",-0.530947400374017,-0.77956353208559
"899",-0.530947400374017,-0.77956353208559
"900",-0.530947400374017,-0.77956353208559
"901",-0.530947400374017,-0.77956353208559
"902",-0.530947400374017,-0.77956353208559
"903",-0.530947400374017,-0.77956353208559
"904",-0.530947400374017,-0.77956353208559
"905",-0.530947400374017,-0.77956353208559
"906",-0.530947400374017,-0.77956353208559
"907",-0.530947400374017,-0.77956353208559
"908",-0.530947400374017,-0.77956353208559
"909",-0.530947400374017,-0.77956353208559
"910",-0.530947400374017,-0.77956353208559
"911",-0.530947400374017,-0.77956353208559
"912",-0.530947400374017,-0.77956353208559
"913",-0.530947400374017,-0.77956353208559
"914",-0.530947400374017,-0.77956353208559
"915",NA,NA
"916",NA,NA
"917",NA,NA
"918",NA,NA
"919",NA,NA
"920",NA,NA
"921",NA,NA
"922",NA,NA
"923",NA,NA
"924",NA,NA
"925",NA,NA
"926",NA,NA
"927",NA,NA
"928",NA,NA
"929",NA,NA
"930",NA,NA
"931",NA,NA
"932",NA,NA
"933",NA,NA
"934",NA,NA
"935",NA,NA
"936",NA,NA
"937",NA,NA
"938",NA,NA
"939",NA,NA
"940",NA,NA
"941",NA,NA
"942",NA,NA
"943",NA,NA
"944",NA,NA
"945",NA,NA
"946",-0.228323682175043,0.495877212717759
"947",-0.228323682175043,0.495877212717759
"948",-0.228323682175043,0.495877212717759
"949",-0.228323682175043,0.495877212717759
"950",-0.228323682175043,0.495877212717759
"951",-0.228323682175043,0.495877212717759
"952",-0.228323682175043,0.495877212717759
"953",NA,NA
"954",NA,NA
"955",NA,NA
"956",NA,NA
"957",NA,NA
"958",NA,NA
"959",NA,NA
"960",NA,NA
"961",NA,NA
"962",NA,NA
"963",NA,NA
"964",NA,NA
"965",NA,NA
"966",0.161295599827124,-0.110962261179078
"967",0.161295599827124,-0.110962261179078
"968",0.161295599827124,-0.110962261179078
"969",0.161295599827124,-0.110962261179078
"970",0.161295599827124,-0.110962261179078
"971",0.161295599827124,-0.110962261179078
"972",0.161295599827124,-0.110962261179078
"973",0.161295599827124,-0.110962261179078
"974",NA,NA
"975",NA,NA
"976",NA,NA
"977",NA,NA
"978",NA,NA
"979",NA,NA
"980",NA,NA
"981",NA,NA
"982",NA,NA
"983",NA,NA
"984",NA,NA
"985",NA,NA
"986",NA,NA
"987",NA,NA
"988",NA,NA
"989",NA,NA
"990",0.0251865879404962,-0.376158730001859
"991",0.0251865879404962,-0.376158730001859
"992",0.0251865879404962,-0.376158730001859
"993",0.0251865879404962,-0.376158730001859
"994",0.0251865879404962,-0.376158730001859
"995",0.0251865879404962,-0.376158730001859
"996",0.118105642475437,-0.02064482076587
"997",0.118105642475437,-0.02064482076587
"998",0.118105642475437,-0.02064482076587
"999",0.118105642475437,-0.02064482076587
"1000",0.118105642475437,-0.02064482076587
"1001",0.118105642475437,-0.02064482076587
"1002",0.118105642475437,-0.02064482076587
"1003",0.118105642475437,-0.02064482076587
"1004",0.118105642475437,-0.02064482076587
"1005",0.118105642475437,-0.02064482076587
"1006",0.118105642475437,-0.02064482076587
"1007",0.118105642475437,-0.02064482076587
"1008",NA,NA
"1009",NA,NA
"1010",NA,NA
"1011",NA,NA
"1012",NA,NA
"1013",NA,NA
"1014",NA,NA
"1015",NA,NA
"1016",NA,NA
"1017",NA,NA
"1018",NA,NA
"1019",NA,NA
"1020",NA,NA
"1021",NA,NA
"1022",NA,NA
"1023",NA,NA
"1024",NA,NA
"1025",0.395503611047921,-0.0374295072661213
"1026",0.395503611047921,-0.0374295072661213
"1027",NA,NA
"1028",NA,NA
"1029",NA,NA
"1030",NA,NA
"1031",NA,NA
"1032",NA,NA
"1033",NA,NA
"1034",NA,NA
"1035",NA,NA
"1036",NA,NA
"1037",NA,NA
"1038",NA,NA
"1039",NA,NA
"1040",NA,NA
"1041",NA,NA
"1042",NA,NA
"1043",NA,NA
"1044",NA,NA
"1045",NA,NA
"1046",NA,NA
"1047",NA,NA
"1048",NA,NA
"1049",NA,NA
"1050",NA,NA
"1051",NA,NA
"1052",NA,NA
"1053",NA,NA
"1054",NA,NA
"1055",NA,NA
"1056",NA,NA
"1057",NA,NA
"1058",NA,NA
"1059",NA,NA
"1060",NA,NA
"1061",NA,NA
"1062",NA,NA
"1063",NA,NA
"1064",NA,NA
"1065",NA,NA
"1066",NA,NA
"1067",NA,NA
"1068",NA,NA
"1069",NA,NA
"1070",NA,NA
"1071",NA,NA
"1072",NA,NA
"1073",NA,NA
"1074",NA,NA
"1075",NA,NA
"1076",NA,NA
"1077",NA,NA
"1078",NA,NA
"1079",NA,NA
"1080",NA,NA
"1081",NA,NA
"1082",NA,NA
"1083",NA,NA
"1084",NA,NA
"1085",NA,NA
"1086",NA,NA
"1087",0.670618444551512,0.123436317497437
"1088",0.670618444551512,0.123436317497437
"1089",0.670618444551512,0.123436317497437
"1090",0.670618444551512,0.123436317497437
"1091",0.670618444551512,0.123436317497437
"1092",0.670618444551512,0.123436317497437
"1093",0.670618444551512,0.123436317497437
"1094",0.670618444551512,0.123436317497437
"1095",0.670618444551512,0.123436317497437
"1096",0.670618444551512,0.123436317497437
"1097",0.670618444551512,0.123436317497437
"1098",0.670618444551512,0.123436317497437
"1099",0.670618444551512,0.123436317497437
"1100",0.670618444551512,0.123436317497437
"1101",0.670618444551512,0.123436317497437
"1102",0.670618444551512,0.123436317497437
"1103",0.670618444551512,0.123436317497437
"1104",0.670618444551512,0.123436317497437
"1105",0.670618444551512,0.123436317497437
"1106",0.670618444551512,0.123436317497437
"1107",0.670618444551512,0.123436317497437
"1108",0.670618444551512,0.123436317497437
"1109",0.670618444551512,0.123436317497437
"1110",0.670618444551512,0.123436317497437
"1111",0.670618444551512,0.123436317497437
"1112",0.670618444551512,0.123436317497437
"1113",0.670618444551512,0.123436317497437
"1114",0.670618444551512,0.123436317497437
"1115",0.670618444551512,0.123436317497437
"1116",NA,NA
"1117",NA,NA
"1118",1.22010556794083,0.342092058136262
"1119",1.22010556794083,0.342092058136262
"1120",1.22010556794083,0.342092058136262
"1121",1.22010556794083,0.342092058136262
"1122",1.22010556794083,0.342092058136262
"1123",1.22010556794083,0.342092058136262
"1124",1.22010556794083,0.342092058136262
"1125",NA,NA
"1126",NA,NA
"1127",NA,NA
"1128",NA,NA
"1129",NA,NA
"1130",NA,NA
"1131",NA,NA
"1132",NA,NA
"1133",NA,NA
"1134",NA,NA
"1135",NA,NA
"1136",NA,NA
"1137",NA,NA
"1138",NA,NA
"1139",NA,NA
"1140",NA,NA
"1141",NA,NA
"1142",NA,NA
"1143",NA,NA
"1144",NA,NA
"1145",NA,NA
"1146",NA,NA
"1147",NA,NA
"1148",NA,NA
"1149",NA,NA
"1150",NA,NA
"1151",NA,NA
"1152",NA,NA
"1153",0.256677483870881,-0.368821185284934
"1154",0.256677483870881,-0.368821185284934
"1155",0.256677483870881,-0.368821185284934
"1156",0.256677483870881,-0.368821185284934
"1157",0.256677483870881,-0.368821185284934
"1158",NA,NA
"1159",NA,NA
"1160",NA,NA
"1161",0.24360640396516,-0.190633263715949
"1162",0.24360640396516,-0.190633263715949
"1163",0.24360640396516,-0.190633263715949
"1164",0.24360640396516,-0.190633263715949
"1165",0.24360640396516,-0.190633263715949
"1166",0.24360640396516,-0.190633263715949
"1167",0.24360640396516,-0.190633263715949
"1168",0.24360640396516,-0.190633263715949
"1169",0.24360640396516,-0.190633263715949
"1170",0.24360640396516,-0.190633263715949
"1171",0.24360640396516,-0.190633263715949
"1172",0.24360640396516,-0.190633263715949
"1173",0.24360640396516,-0.190633263715949
"1174",0.24360640396516,-0.190633263715949
"1175",0.24360640396516,-0.190633263715949
"1176",0.24360640396516,-0.190633263715949
"1177",0.24360640396516,-0.190633263715949
"1178",0.24360640396516,-0.190633263715949
"1179",0.24360640396516,-0.190633263715949
"1180",0.24360640396516,-0.190633263715949
"1181",0.24360640396516,-0.190633263715949
"1182",0.24360640396516,-0.190633263715949
"1183",0.24360640396516,-0.190633263715949
"1184",0.24360640396516,-0.190633263715949
"1185",0.24360640396516,-0.190633263715949
"1186",0.24360640396516,-0.190633263715949
"1187",0.24360640396516,-0.190633263715949
"1188",0.24360640396516,-0.190633263715949
"1189",NA,NA
"1190",NA,NA
"1191",NA,NA
"1192",NA,NA
"1193",NA,NA
"1194",NA,NA
"1195",NA,NA
"1196",NA,NA
"1197",NA,NA
"1198",NA,NA
"1199",NA,NA
"1200",NA,NA
"1201",NA,NA
"1202",NA,NA
"1203",NA,NA
"1204",NA,NA
"1205",NA,NA
"1206",NA,NA
"1207",NA,NA
"1208",NA,NA
"1209",NA,NA
"1210",NA,NA
"1211",NA,NA
"1212",NA,NA
"1213",NA,NA
"1214",NA,NA
"1215",NA,NA
"1216",NA,NA
"1217",-0.00153301406195962,0.664277337592989
"1218",-0.00153301406195962,0.664277337592989
"1219",NA,NA
"1220",NA,NA
"1221",NA,NA
"1222",NA,NA
"1223",NA,NA
"1224",NA,NA
"1225",NA,NA
"1226",NA,NA
"1227",0.714126948946075,-0.721347102026188
"1228",0.714126948946075,-0.721347102026188
"1229",0.714126948946075,-0.721347102026188
"1230",NA,NA
"1231",NA,NA
"1232",NA,NA
"1233",NA,NA
"1234",NA,NA
"1235",NA,NA
"1236",NA,NA
"1237",NA,NA
"1238",NA,NA
"1239",NA,NA
"1240",NA,NA
"1241",NA,NA
"1242",NA,NA
"1243",NA,NA
"1244",NA,NA
"1245",NA,NA
"1246",NA,NA
"1247",NA,NA
"1248",NA,NA
"1249",NA,NA
"1250",NA,NA
"1251",NA,NA
"1252",NA,NA
"1253",NA,NA
"1254",NA,NA
"1255",NA,NA
"1256",NA,NA
"1257",NA,NA
"1258",NA,NA
"1259",NA,NA
"1260",0.886911242040941,-0.0897514686705511
"1261",0.886911242040941,-0.0897514686705511
"1262",0.886911242040941,-0.0897514686705511
"1263",0.886911242040941,-0.0897514686705511
"1264",0.886911242040941,-0.0897514686705511
"1265",0.886911242040941,-0.0897514686705511
"1266",0.886911242040941,-0.0897514686705511
"1267",0.886911242040941,-0.0897514686705511
"1268",0.886911242040941,-0.0897514686705511
"1269",0.886911242040941,-0.0897514686705511
"1270",0.886911242040941,-0.0897514686705511
"1271",0.886911242040941,-0.0897514686705511
"1272",0.886911242040941,-0.0897514686705511
"1273",0.886911242040941,-0.0897514686705511
"1274",NA,NA
"1275",NA,NA
"1276",NA,NA
"1277",NA,NA
"1278",NA,NA
"1279",NA,NA
"1280",NA,NA
"1281",NA,NA
"1282",NA,NA
"1283",NA,NA
"1284",NA,NA
"1285",NA,NA
"1286",0.381023647698836,0.513655723407327
"1287",0.381023647698836,0.513655723407327
"1288",0.381023647698836,0.513655723407327
"1289",0.381023647698836,0.513655723407327
"1290",0.381023647698836,0.513655723407327
"1291",0.381023647698836,0.513655723407327
"1292",0.381023647698836,0.513655723407327
"1293",0.381023647698836,0.513655723407327
"1294",0.381023647698836,0.513655723407327
"1295",0.381023647698836,0.513655723407327
"1296",0.381023647698836,0.513655723407327
"1297",0.381023647698836,0.513655723407327
"1298",0.381023647698836,0.513655723407327
"1299",0.381023647698836,0.513655723407327
"1300",0.381023647698836,0.513655723407327
"1301",0.381023647698836,0.513655723407327
"1302",0.381023647698836,0.513655723407327
"1303",0.381023647698836,0.513655723407327
"1304",0.381023647698836,0.513655723407327
"1305",0.381023647698836,0.513655723407327
"1306",0.381023647698836,0.513655723407327
"1307",0.381023647698836,0.513655723407327
"1308",0.381023647698836,0.513655723407327
"1309",0.381023647698836,0.513655723407327
"1310",0.381023647698836,0.513655723407327
"1311",0.381023647698836,0.513655723407327
"1312",NA,NA
"1313",NA,NA
"1314",-0.738626849003875,-0.517403977872733
"1315",-0.738626849003875,-0.517403977872733
"1316",-0.738626849003875,-0.517403977872733
"1317",-0.738626849003875,-0.517403977872733
"1318",-0.738626849003875,-0.517403977872733
"1319",-0.738626849003875,-0.517403977872733
"1320",-0.738626849003875,-0.517403977872733
"1321",-0.738626849003875,-0.517403977872733
"1322",-0.738626849003875,-0.517403977872733
"1323",-0.738626849003875,-0.517403977872733
"1324",-0.738626849003875,-0.517403977872733
"1325",NA,NA
"1326",NA,NA
"1327",NA,NA
"1328",NA,NA
"1329",NA,NA
"1330",NA,NA
"1331",NA,NA
"1332",NA,NA
"1333",NA,NA
"1334",NA,NA
"1335",NA,NA
"1336",NA,NA
"1337",NA,NA
"1338",NA,NA
"1339",NA,NA
"1340",NA,NA
"1341",NA,NA
"1342",NA,NA
"1343",-0.555830058085382,0.221884551182511
"1344",-0.555830058085382,0.221884551182511
"1345",-0.555830058085382,0.221884551182511
"1346",-0.555830058085382,0.221884551182511
"1347",-0.555830058085382,0.221884551182511
"1348",-0.555830058085382,0.221884551182511
"1349",-0.555830058085382,0.221884551182511
"1350",-0.555830058085382,0.221884551182511
"1351",-0.555830058085382,0.221884551182511
"1352",-0.555830058085382,0.221884551182511
"1353",-0.555830058085382,0.221884551182511
"1354",-0.555830058085382,0.221884551182511
"1355",-0.555830058085382,0.221884551182511
"1356",-0.555830058085382,0.221884551182511
"1357",-0.555830058085382,0.221884551182511
"1358",-0.555830058085382,0.221884551182511
"1359",-0.555830058085382,0.221884551182511
"1360",-0.555830058085382,0.221884551182511
"1361",-0.555830058085382,0.221884551182511
"1362",-0.555830058085382,0.221884551182511
"1363",NA,NA
"1364",NA,NA
"1365",NA,NA
"1366",NA,NA
"1367",NA,NA
"1368",NA,NA
"1369",NA,NA
"1370",NA,NA
"1371",NA,NA
"1372",NA,NA
"1373",NA,NA
"1374",NA,NA
"1375",NA,NA
"1376",NA,NA
"1377",NA,NA
"1378",NA,NA
"1379",NA,NA
"1380",NA,NA
"1381",NA,NA
"1382",NA,NA
"1383",NA,NA
"1384",NA,NA
"1385",NA,NA
"1386",NA,NA
"1387",NA,NA
"1388",-0.12076943163005,-0.0261002016142877
"1389",NA,NA
"1390",NA,NA
"1391",NA,NA
"1392",NA,NA
"1393",NA,NA
"1394",NA,NA
"1395",NA,NA
"1396",NA,NA
"1397",NA,NA
"1398",NA,NA
"1399",NA,NA
"1400",NA,NA
"1401",0.570378881928752,-0.907364510963382
"1402",0.570378881928752,-0.907364510963382
"1403",0.570378881928752,-0.907364510963382
"1404",0.570378881928752,-0.907364510963382
"1405",0.570378881928752,-0.907364510963382
"1406",0.570378881928752,-0.907364510963382
"1407",0.570378881928752,-0.907364510963382
"1408",0.570378881928752,-0.907364510963382
"1409",0.570378881928752,-0.907364510963382
"1410",0.570378881928752,-0.907364510963382
"1411",0.570378881928752,-0.907364510963382
"1412",0.086272751288464,0.529355608127895
"1413",0.086272751288464,0.529355608127895
"1414",0.086272751288464,0.529355608127895
"1415",0.086272751288464,0.529355608127895
"1416",0.086272751288464,0.529355608127895
"1417",-1.18930924402851,-0.352481334993687
"1418",-1.18930924402851,-0.352481334993687
"1419",-1.18930924402851,-0.352481334993687
"1420",-1.18930924402851,-0.352481334993687
"1421",-1.18930924402851,-0.352481334993687
"1422",-1.18930924402851,-0.352481334993687
"1423",-1.18930924402851,-0.352481334993687
"1424",-1.18930924402851,-0.352481334993687
"1425",-1.18930924402851,-0.352481334993687
"1426",-1.18930924402851,-0.352481334993687
"1427",-1.18930924402851,-0.352481334993687
"1428",-1.18930924402851,-0.352481334993687
"1429",-1.18930924402851,-0.352481334993687
"1430",-1.18930924402851,-0.352481334993687
"1431",-1.18930924402851,-0.352481334993687
"1432",-1.18930924402851,-0.352481334993687
"1433",-1.18930924402851,-0.352481334993687
"1434",-1.18930924402851,-0.352481334993687
"1435",-1.18930924402851,-0.352481334993687
"1436",-1.18930924402851,-0.352481334993687
"1437",-1.18930924402851,-0.352481334993687
"1438",-1.18930924402851,-0.352481334993687
"1439",-1.18930924402851,-0.352481334993687
"1440",-1.18930924402851,-0.352481334993687
"1441",-1.18930924402851,-0.352481334993687
"1442",NA,NA
"1443",NA,NA
"1444",NA,NA
"1445",NA,NA
"1446",NA,NA
"1447",NA,NA
"1448",NA,NA
"1449",NA,NA
"1450",0.254042141278188,0.119635814892951
"1451",0.254042141278188,0.119635814892951
"1452",0.254042141278188,0.119635814892951
"1453",0.254042141278188,0.119635814892951
"1454",0.254042141278188,0.119635814892951
"1455",0.254042141278188,0.119635814892951
"1456",0.254042141278188,0.119635814892951
"1457",0.254042141278188,0.119635814892951
"1458",0.254042141278188,0.119635814892951
"1459",0.254042141278188,0.119635814892951
"1460",0.254042141278188,0.119635814892951
"1461",NA,NA
"1462",NA,NA
"1463",NA,NA
"1464",NA,NA
"1465",NA,NA
"1466",NA,NA
"1467",NA,NA
"1468",NA,NA
"1469",NA,NA
"1470",NA,NA
"1471",NA,NA
"1472",NA,NA
"1473",NA,NA
"1474",NA,NA
"1475",NA,NA
"1476",NA,NA
"1477",NA,NA
"1478",NA,NA
"1479",NA,NA
"1480",NA,NA
"1481",NA,NA
"1482",NA,NA
"1483",NA,NA
"1484",NA,NA
"1485",NA,NA
"1486",NA,NA
"1487",NA,NA
"1488",NA,NA
"1489",NA,NA
"1490",NA,NA
"1491",NA,NA
"1492",NA,NA
"1493",NA,NA
"1494",NA,NA
"1495",NA,NA
"1496",NA,NA
"1497",NA,NA
"1498",NA,NA
"1499",NA,NA
"1500",NA,NA
"1501",NA,NA
"1502",NA,NA
"1503",NA,NA
"1504",0.726784486504831,0.280501736307444
"1505",0.726784486504831,0.280501736307444
"1506",0.726784486504831,0.280501736307444
"1507",0.726784486504831,0.280501736307444
"1508",0.726784486504831,0.280501736307444
"1509",0.726784486504831,0.280501736307444
"1510",0.726784486504831,0.280501736307444
"1511",0.726784486504831,0.280501736307444
"1512",0.726784486504831,0.280501736307444
"1513",0.726784486504831,0.280501736307444
"1514",0.726784486504831,0.280501736307444
"1515",0.726784486504831,0.280501736307444
"1516",0.726784486504831,0.280501736307444
"1517",0.726784486504831,0.280501736307444
"1518",0.726784486504831,0.280501736307444
"1519",0.726784486504831,0.280501736307444
"1520",0.726784486504831,0.280501736307444
"1521",0.726784486504831,0.280501736307444
"1522",0.726784486504831,0.280501736307444
"1523",0.726784486504831,0.280501736307444
"1524",NA,NA
"1525",NA,NA
"1526",NA,NA
"1527",NA,NA
"1528",NA,NA
"1529",NA,NA
"1530",NA,NA
"1531",NA,NA
"1532",NA,NA
"1533",NA,NA
"1534",NA,NA
"1535",NA,NA
"1536",NA,NA
"1537",NA,NA
"1538",NA,NA
"1539",NA,NA
"1540",NA,NA
"1541",0.203409289333304,0.027450541493287
"1542",0.203409289333304,0.027450541493287
"1543",0.203409289333304,0.027450541493287
"1544",0.203409289333304,0.027450541493287
"1545",0.203409289333304,0.027450541493287
"1546",0.203409289333304,0.027450541493287
"1547",0.203409289333304,0.027450541493287
"1548",0.203409289333304,0.027450541493287
"1549",0.203409289333304,0.027450541493287
"1550",0.203409289333304,0.027450541493287
"1551",0.203409289333304,0.027450541493287
"1552",0.203409289333304,0.027450541493287
"1553",0.203409289333304,0.027450541493287
"1554",0.203409289333304,0.027450541493287
"1555",NA,NA
"1556",NA,NA
"1557",NA,NA
"1558",NA,NA
"1559",NA,NA
"1560",NA,NA
"1561",NA,NA
"1562",NA,NA
"1563",NA,NA
"1564",NA,NA
"1565",-0.293269177343627,-0.821921319849235
"1566",-0.293269177343627,-0.821921319849235
"1567",-0.293269177343627,-0.821921319849235
"1568",-0.293269177343627,-0.821921319849235
"1569",-0.293269177343627,-0.821921319849235
"1570",-0.293269177343627,-0.821921319849235
"1571",-0.293269177343627,-0.821921319849235
"1572",NA,NA
"1573",NA,NA
"1574",NA,NA
"1575",NA,NA
"1576",NA,NA
"1577",NA,NA
"1578",NA,NA
"1579",NA,NA
"1580",NA,NA
"1581",NA,NA
"1582",NA,NA
"1583",NA,NA
"1584",NA,NA
"1585",NA,NA
"1586",NA,NA
"1587",NA,NA
"1588",NA,NA
"1589",NA,NA
"1590",NA,NA
"1591",NA,NA
"1592",NA,NA
"1593",NA,NA
"1594",NA,NA
"1595",NA,NA
"1596",NA,NA
"1597",NA,NA
"1598",NA,NA
"1599",NA,NA
"1600",NA,NA
"1601",NA,NA
"1602",NA,NA
"1603",NA,NA
"1604",NA,NA
"1605",NA,NA
"1606",NA,NA
"1607",NA,NA
"1608",NA,NA
"1609",NA,NA
"1610",NA,NA
"1611",NA,NA
"1612",NA,NA
"1613",NA,NA
"1614",0.341714760653326,0.407725769209452
"1615",0.341714760653326,0.407725769209452
"1616",0.341714760653326,0.407725769209452
"1617",0.341714760653326,0.407725769209452
"1618",0.341714760653326,0.407725769209452
"1619",0.341714760653326,0.407725769209452
"1620",0.341714760653326,0.407725769209452
"1621",0.341714760653326,0.407725769209452
"1622",0.341714760653326,0.407725769209452
"1623",0.341714760653326,0.407725769209452
"1624",0.341714760653326,0.407725769209452
"1625",0.341714760653326,0.407725769209452
"1626",0.341714760653326,0.407725769209452
"1627",0.341714760653326,0.407725769209452
"1628",NA,NA
"1629",NA,NA
"1630",NA,NA
"1631",NA,NA
"1632",NA,NA
"1633",NA,NA
"1634",0.266978078276861,-0.492005962709636
"1635",0.266978078276861,-0.492005962709636
"1636",0.266978078276861,-0.492005962709636
"1637",0.266978078276861,-0.492005962709636
"1638",0.266978078276861,-0.492005962709636
"1639",0.266978078276861,-0.492005962709636
"1640",0.266978078276861,-0.492005962709636
"1641",0.266978078276861,-0.492005962709636
"1642",0.266978078276861,-0.492005962709636
"1643",0.266978078276861,-0.492005962709636
"1644",0.266978078276861,-0.492005962709636
"1645",0.266978078276861,-0.492005962709636
"1646",0.266978078276861,-0.492005962709636
"1647",0.266978078276861,-0.492005962709636
"1648",0.266978078276861,-0.492005962709636
"1649",0.266978078276861,-0.492005962709636
"1650",0.266978078276861,-0.492005962709636
"1651",0.266978078276861,-0.492005962709636
"1652",0.266978078276861,-0.492005962709636
"1653",0.266978078276861,-0.492005962709636
"1654",0.266978078276861,-0.492005962709636
"1655",0.266978078276861,-0.492005962709636
"1656",0.266978078276861,-0.492005962709636
"1657",0.266978078276861,-0.492005962709636
"1658",0.266978078276861,-0.492005962709636
"1659",NA,NA
"1660",NA,NA
"1661",NA,NA
"1662",0.0258911194859062,0.257485231657976
"1663",0.0258911194859062,0.257485231657976
"1664",0.0258911194859062,0.257485231657976
"1665",0.0258911194859062,0.257485231657976
"1666",0.0258911194859062,0.257485231657976
"1667",0.0258911194859062,0.257485231657976
"1668",0.0258911194859062,0.257485231657976
"1669",0.0258911194859062,0.257485231657976
"1670",0.0258911194859062,0.257485231657976
"1671",0.0258911194859062,0.257485231657976
"1672",0.0258911194859062,0.257485231657976
"1673",0.0258911194859062,0.257485231657976
"1674",0.0258911194859062,0.257485231657976
"1675",0.0258911194859062,0.257485231657976
"1676",NA,NA
"1677",NA,NA
"1678",NA,NA
"1679",NA,NA
"1680",NA,NA
"1681",NA,NA
"1682",NA,NA
"1683",NA,NA
"1684",NA,NA
"1685",NA,NA
"1686",NA,NA
"1687",-0.614660161591703,-0.772147639230585
"1688",-0.614660161591703,-0.772147639230585
"1689",-0.614660161591703,-0.772147639230585
"1690",-0.614660161591703,-0.772147639230585
"1691",-0.614660161591703,-0.772147639230585
"1692",-0.614660161591703,-0.772147639230585
"1693",-0.614660161591703,-0.772147639230585
"1694",-0.614660161591703,-0.772147639230585
"1695",-0.614660161591703,-0.772147639230585
"1696",-0.614660161591703,-0.772147639230585
"1697",-0.614660161591703,-0.772147639230585
"1698",-0.614660161591703,-0.772147639230585
"1699",-0.614660161591703,-0.772147639230585
"1700",-0.614660161591703,-0.772147639230585
"1701",-0.614660161591703,-0.772147639230585
"1702",-0.614660161591703,-0.772147639230585
"1703",-0.614660161591703,-0.772147639230585
"1704",-0.614660161591703,-0.772147639230585
"1705",-0.614660161591703,-0.772147639230585
"1706",-0.614660161591703,-0.772147639230585
"1707",-0.614660161591703,-0.772147639230585
"1708",-0.614660161591703,-0.772147639230585
"1709",-0.614660161591703,-0.772147639230585
"1710",-0.614660161591703,-0.772147639230585
"1711",-0.614660161591703,-0.772147639230585
"1712",-0.614660161591703,-0.772147639230585
"1713",-0.614660161591703,-0.772147639230585
"1714",-0.614660161591703,-0.772147639230585
"1715",-0.614660161591703,-0.772147639230585
"1716",-0.614660161591703,-0.772147639230585
"1717",-0.614660161591703,-0.772147639230585
"1718",-0.614660161591703,-0.772147639230585
"1719",-0.614660161591703,-0.772147639230585
"1720",-0.614660161591703,-0.772147639230585
"1721",-0.614660161591703,-0.772147639230585
"1722",NA,NA
"1723",NA,NA
"1724",NA,NA
"1725",NA,NA
"1726",NA,NA
"1727",NA,NA
"1728",NA,NA
"1729",NA,NA
"1730",NA,NA
"1731",NA,NA
"1732",NA,NA
"1733",NA,NA
"1734",NA,NA
"1735",NA,NA
"1736",NA,NA
"1737",NA,NA
"1738",NA,NA
"1739",NA,NA
"1740",NA,NA
"1741",NA,NA
"1742",0.0587076757842449,0.453189745941247
"1743",0.0587076757842449,0.453189745941247
"1744",NA,NA
"1745",NA,NA
"1746",-0.276040152410812,0.476851465847612
"1747",-0.276040152410812,0.476851465847612
"1748",-0.276040152410812,0.476851465847612
"1749",NA,NA
"1750",NA,NA
"1751",NA,NA
"1752",NA,NA
"1753",NA,NA
"1754",NA,NA
"1755",-0.861004011831195,-0.34020087311402
"1756",-0.861004011831195,-0.34020087311402
"1757",-0.861004011831195,-0.34020087311402
"1758",-0.861004011831195,-0.34020087311402
"1759",-0.861004011831195,-0.34020087311402
"1760",-0.861004011831195,-0.34020087311402
"1761",-0.861004011831195,-0.34020087311402
"1762",-0.861004011831195,-0.34020087311402
"1763",-0.861004011831195,-0.34020087311402
"1764",-0.861004011831195,-0.34020087311402
"1765",-0.861004011831195,-0.34020087311402
"1766",-0.861004011831195,-0.34020087311402
"1767",-0.861004011831195,-0.34020087311402
"1768",-0.861004011831195,-0.34020087311402
"1769",-0.861004011831195,-0.34020087311402
"1770",-0.861004011831195,-0.34020087311402
"1771",-0.861004011831195,-0.34020087311402
"1772",-0.861004011831195,-0.34020087311402
"1773",NA,NA
"1774",NA,NA
"1775",NA,NA
"1776",NA,NA
"1777",NA,NA
"1778",NA,NA
"1779",NA,NA
"1780",NA,NA
"1781",NA,NA
"1782",NA,NA
"1783",NA,NA
"1784",NA,NA
"1785",NA,NA
"1786",NA,NA
"1787",NA,NA
"1788",NA,NA
"1789",NA,NA
"1790",0.661426089080801,-0.784006129572368
"1791",0.661426089080801,-0.784006129572368
"1792",0.661426089080801,-0.784006129572368
"1793",0.661426089080801,-0.784006129572368
"1794",0.661426089080801,-0.784006129572368
"1795",0.661426089080801,-0.784006129572368
"1796",0.661426089080801,-0.784006129572368
"1797",0.661426089080801,-0.784006129572368
"1798",0.661426089080801,-0.784006129572368
"1799",0.661426089080801,-0.784006129572368
"1800",0.661426089080801,-0.784006129572368
"1801",0.661426089080801,-0.784006129572368
"1802",0.661426089080801,-0.784006129572368
"1803",0.661426089080801,-0.784006129572368
"1804",0.661426089080801,-0.784006129572368
"1805",0.661426089080801,-0.784006129572368
"1806",0.661426089080801,-0.784006129572368
"1807",0.661426089080801,-0.784006129572368
"1808",NA,NA
"1809",NA,NA
"1810",NA,NA
"1811",NA,NA
"1812",NA,NA
"1813",NA,NA
"1814",NA,NA
"1815",NA,NA
"1816",NA,NA
"1817",NA,NA
"1818",NA,NA
"1819",NA,NA
"1820",NA,NA
"1821",NA,NA
"1822",NA,NA
"1823",NA,NA
"1824",NA,NA
"1825",NA,NA
"1826",NA,NA
"1827",NA,NA
"1828",NA,NA
"1829",NA,NA
"1830",NA,NA
"1831",NA,NA
"1832",NA,NA
"1833",NA,NA
"1834",NA,NA
"1835",NA,NA
"1836",NA,NA
"1837",NA,NA
"1838",NA,NA
"1839",NA,NA
"1840",NA,NA
"1841",NA,NA
"1842",NA,NA
"1843",NA,NA
"1844",NA,NA
"1845",NA,NA
"1846",NA,NA
"1847",NA,NA
"1848",NA,NA
"1849",NA,NA
"1850",NA,NA
"1851",NA,NA
"1852",NA,NA
"1853",NA,NA
"1854",NA,NA
"1855",NA,NA
"1856",NA,NA
"1857",NA,NA
"1858",NA,NA
"1859",NA,NA
"1860",NA,NA
"1861",NA,NA
"1862",NA,NA
"1863",NA,NA
"1864",NA,NA
"1865",NA,NA
"1866",NA,NA
"1867",NA,NA
"1868",NA,NA
"1869",NA,NA
"1870",NA,NA
"1871",NA,NA
"1872",NA,NA
"1873",NA,NA
"1874",NA,NA
"1875",NA,NA
"1876",NA,NA
"1877",0.433652763964348,0.301479045490428
"1878",0.433652763964349,0.301479045490428
"1879",0.433652763964349,0.301479045490428
"1880",0.433652763964349,0.301479045490428
"1881",0.433652763964349,0.301479045490428
"1882",0.433652763964349,0.301479045490428
"1883",NA,NA
"1884",-0.0129209334587847,-0.623338908960547
"1885",-0.0129209334587847,-0.623338908960547
"1886",-0.0129209334587847,-0.623338908960547
"1887",-0.0129209334587847,-0.623338908960547
"1888",-0.0129209334587847,-0.623338908960547
"1889",-0.0129209334587847,-0.623338908960547
"1890",-0.0129209334587847,-0.623338908960547
"1891",-0.0129209334587847,-0.623338908960547
"1892",-0.0129209334587847,-0.623338908960547
"1893",-0.0129209334587847,-0.623338908960547
"1894",-0.0129209334587847,-0.623338908960547
"1895",-0.0129209334587847,-0.623338908960547
"1896",-0.0129209334587847,-0.623338908960547
"1897",-0.0129209334587847,-0.623338908960547
"1898",-0.0129209334587847,-0.623338908960547
"1899",-0.0129209334587847,-0.623338908960547
"1900",-0.0129209334587847,-0.623338908960547
"1901",-0.0129209334587847,-0.623338908960547
"1902",-0.0129209334587847,-0.623338908960547
"1903",-0.0129209334587847,-0.623338908960547
"1904",-0.0129209334587847,-0.623338908960547
"1905",-0.0129209334587847,-0.623338908960547
"1906",NA,NA
"1907",NA,NA
"1908",0.435987673097306,-0.891338034282487
"1909",0.435987673097306,-0.891338034282487
"1910",NA,NA
"1911",NA,NA
"1912",NA,NA
"1913",NA,NA
"1914",0.649722430482626,-0.20450650809866
"1915",0.649722430482626,-0.20450650809866
"1916",0.649722430482626,-0.20450650809866
"1917",0.649722430482626,-0.20450650809866
"1918",0.649722430482626,-0.20450650809866
"1919",0.649722430482626,-0.20450650809866
"1920",0.649722430482626,-0.20450650809866
"1921",0.649722430482626,-0.20450650809866
"1922",0.649722430482626,-0.20450650809866
"1923",0.649722430482626,-0.20450650809866
"1924",0.649722430482626,-0.20450650809866
"1925",0.649722430482626,-0.20450650809866
"1926",0.649722430482626,-0.20450650809866
"1927",-0.0827303415956749,-0.328417486663797
"1928",-0.0827303415956749,-0.328417486663797
"1929",-0.0827303415956749,-0.328417486663797
"1930",-0.0827303415956749,-0.328417486663797
"1931",-0.0827303415956749,-0.328417486663797
"1932",-0.0827303415956749,-0.328417486663797
"1933",-0.0827303415956749,-0.328417486663797
"1934",NA,NA
"1935",NA,NA
"1936",NA,NA
"1937",NA,NA
"1938",NA,NA
"1939",NA,NA
"1940",NA,NA
"1941",NA,NA
"1942",NA,NA
"1943",NA,NA
"1944",NA,NA
"1945",NA,NA
"1946",NA,NA
"1947",NA,NA
"1948",NA,NA
"1949",NA,NA
"1950",NA,NA
"1951",NA,NA
"1952",NA,NA
"1953",NA,NA
"1954",NA,NA
"1955",NA,NA
"1956",NA,NA
"1957",NA,NA
"1958",NA,NA
"1959",NA,NA
"1960",NA,NA
"1961",NA,NA
"1962",NA,NA
"1963",NA,NA
"1964",-0.775668492577187,-0.334193447240488
"1965",-0.626961986251201,-0.251443940694099
"1966",-0.566869146893504,-0.218004564525043
"1967",-0.566869146893504,-0.218004564525043
"1968",-0.566869146893504,-0.218004564525043
"1969",-0.566869146893504,-0.218004564525043
"1970",-0.566869146893504,-0.218004564525043
"1971",-0.566869146893504,-0.218004564525043
"1972",-0.566869146893504,-0.218004564525043
"1973",-0.566869146893504,-0.218004564525043
"1974",-0.566869146893504,-0.218004564525043
"1975",-0.566869146893504,-0.218004564525043
"1976",-0.566869146893504,-0.218004564525043
"1977",-0.566869146893504,-0.218004564525043
"1978",-0.566869146893504,-0.218004564525043
"1979",-0.566869146893504,-0.218004564525043
"1980",-0.566869146893504,-0.218004564525043
"1981",-0.566869146893504,-0.218004564525043
"1982",-0.566869146893504,-0.218004564525043
"1983",-0.566869146893504,-0.218004564525043
"1984",-0.566869146893504,-0.218004564525043
"1985",-0.566869146893504,-0.218004564525043
"1986",-0.566869146893504,-0.218004564525043
"1987",-0.566869146893504,-0.218004564525043
"1988",-0.566869146893504,-0.218004564525043
"1989",-0.566869146893504,-0.218004564525043
"1990",-0.566869146893504,-0.218004564525043
"1991",-0.566869146893504,-0.218004564525043
"1992",-0.566869146893504,-0.218004564525043
"1993",-0.566869146893504,-0.218004564525043
"1994",-0.566869146893504,-0.218004564525043
"1995",-0.566869146893504,-0.218004564525043
"1996",-0.566869146893504,-0.218004564525043
"1997",-0.566869146893504,-0.218004564525043
"1998",-0.566869146893504,-0.218004564525043
"1999",-0.566869146893504,-0.218004564525043
"2000",-0.566869146893504,-0.218004564525043
"2001",-0.566869146893504,-0.218004564525043
"2002",-0.566869146893504,-0.218004564525043
"2003",-0.566869146893504,-0.218004564525043
"2004",NA,NA
"2005",NA,NA
"2006",0.220794712920261,0.820319587213434
"2007",0.220794712920261,0.820319587213434
"2008",0.220794712920261,0.820319587213434
"2009",0.220794712920261,0.820319587213434
"2010",0.220794712920261,0.820319587213434
"2011",0.220794712920261,0.820319587213434
"2012",0.220794712920261,0.820319587213434
"2013",0.220794712920261,0.820319587213434
"2014",0.220794712920261,0.820319587213434
"2015",0.220794712920261,0.820319587213434
"2016",0.220794712920261,0.820319587213434
"2017",0.220794712920261,0.820319587213434
"2018",0.220794712920261,0.820319587213434
"2019",0.220794712920261,0.820319587213434
"2020",0.220794712920261,0.820319587213434
"2021",0.220794712920261,0.820319587213434
"2022",0.220794712920261,0.820319587213434
"2023",0.220794712920261,0.820319587213434
"2024",0.220794712920261,0.820319587213434
"2025",NA,NA
"2026",NA,NA
"2027",NA,NA
"2028",NA,NA
"2029",NA,NA
"2030",0.786996591243005,0.269401225332148
"2031",0.786996591243006,0.269401225332148
"2032",0.786996591243006,0.269401225332148
"2033",0.786996591243006,0.269401225332148
"2034",0.786996591243006,0.269401225332148
"2035",0.786996591243006,0.269401225332148
"2036",0.786996591243006,0.269401225332148
"2037",NA,NA
"2038",NA,NA
"2039",NA,NA
"2040",NA,NA
"2041",NA,NA
"2042",NA,NA
"2043",NA,NA
"2044",NA,NA
"2045",NA,NA
"2046",NA,NA
"2047",NA,NA
"2048",NA,NA
"2049",NA,NA
"2050",NA,NA
"2051",NA,NA
"2052",NA,NA
"2053",NA,NA
"2054",NA,NA
"2055",NA,NA
"2056",NA,NA
"2057",0.654504616845686,0.471595981959664
"2058",0.654504616845686,0.471595981959664
"2059",0.654504616845686,0.471595981959664
"2060",0.654504616845686,0.471595981959664
"2061",0.654504616845686,0.471595981959664
"2062",0.654504616845686,0.471595981959664
"2063",0.654504616845686,0.471595981959664
"2064",0.654504616845686,0.471595981959664
"2065",0.654504616845686,0.471595981959664
"2066",0.654504616845686,0.471595981959664
"2067",0.654504616845686,0.471595981959664
"2068",0.654504616845686,0.471595981959664
"2069",0.654504616845686,0.471595981959664
"2070",0.654504616845686,0.471595981959664
"2071",NA,NA
"2072",NA,NA
"2073",NA,NA
"2074",NA,NA
"2075",NA,NA
"2076",NA,NA
"2077",NA,NA
"2078",NA,NA
"2079",NA,NA
"2080",NA,NA
"2081",NA,NA
"2082",NA,NA
"2083",NA,NA
"2084",NA,NA
"2085",NA,NA
"2086",NA,NA
"2087",NA,NA
"2088",NA,NA
"2089",NA,NA
"2090",-0.48202917516108,-0.0106135545516852
"2091",-0.48202917516108,-0.0106135545516852
"2092",-0.48202917516108,-0.0106135545516852
"2093",NA,NA
"2094",NA,NA
"2095",NA,NA
"2096",NA,NA
"2097",NA,NA
"2098",NA,NA
"2099",NA,NA
"2100",NA,NA
"2101",NA,NA
"2102",NA,NA
"2103",NA,NA
"2104",NA,NA
"2105",0.453181583548231,0.103899394331932
"2106",0.453181583548231,0.103899394331932
"2107",0.453181583548231,0.103899394331932
"2108",0.453181583548231,0.103899394331932
"2109",0.453181583548231,0.103899394331932
"2110",0.453181583548231,0.103899394331932
"2111",0.453181583548231,0.103899394331932
"2112",NA,NA
"2113",NA,NA
"2114",NA,NA
"2115",NA,NA
"2116",-0.0527556879670521,-0.0136873755398305
"2117",-0.0527556879670521,-0.0136873755398305
"2118",-0.0527556879670521,-0.0136873755398305
"2119",NA,NA
"2120",NA,NA
"2121",NA,NA
"2122",NA,NA
"2123",NA,NA
"2124",NA,NA
"2125",NA,NA
"2126",NA,NA
"2127",NA,NA
"2128",NA,NA
"2129",NA,NA
"2130",NA,NA
"2131",0.258064368430645,-0.184891561138207
"2132",0.258064368430645,-0.184891561138207
"2133",0.258064368430645,-0.184891561138207
"2134",0.258064368430645,-0.184891561138207
"2135",0.258064368430645,-0.184891561138207
"2136",0.258064368430645,-0.184891561138207
"2137",0.258064368430645,-0.184891561138207
"2138",0.258064368430645,-0.184891561138207
"2139",0.258064368430645,-0.184891561138207
"2140",0.258064368430645,-0.184891561138207
"2141",0.258064368430645,-0.184891561138207
"2142",0.258064368430645,-0.184891561138207
"2143",0.258064368430645,-0.184891561138207
"2144",0.258064368430645,-0.184891561138207
"2145",0.258064368430645,-0.184891561138207
"2146",0.258064368430645,-0.184891561138207
"2147",0.258064368430645,-0.184891561138207
"2148",0.258064368430645,-0.184891561138207
"2149",0.258064368430645,-0.184891561138207
"2150",0.258064368430645,-0.184891561138207
"2151",0.258064368430645,-0.184891561138207
"2152",0.258064368430645,-0.184891561138207
"2153",0.258064368430645,-0.184891561138207
"2154",0.258064368430645,-0.184891561138207
"2155",0.258064368430645,-0.184891561138207
"2156",0.258064368430645,-0.184891561138207
"2157",0.258064368430645,-0.184891561138207
"2158",0.258064368430645,-0.184891561138207
"2159",0.258064368430645,-0.184891561138207
"2160",0.258064368430645,-0.184891561138207
"2161",0.258064368430645,-0.184891561138207
"2162",0.258064368430645,-0.184891561138207
"2163",0.258064368430645,-0.184891561138207
"2164",0.258064368430645,-0.184891561138207
"2165",0.258064368430645,-0.184891561138207
"2166",0.258064368430645,-0.184891561138207
"2167",0.258064368430645,-0.184891561138207
"2168",0.258064368430645,-0.184891561138207
"2169",0.258064368430645,-0.184891561138207
"2170",0.258064368430645,-0.184891561138207
"2171",0.258064368430645,-0.184891561138207
"2172",0.258064368430645,-0.184891561138207
"2173",0.258064368430645,-0.184891561138207
"2174",0.258064368430645,-0.184891561138207
"2175",0.258064368430645,-0.184891561138207
"2176",0.258064368430645,-0.184891561138207
"2177",0.258064368430645,-0.184891561138207
"2178",0.258064368430645,-0.184891561138207
"2179",0.258064368430645,-0.184891561138207
"2180",0.258064368430645,-0.184891561138207
"2181",0.258064368430645,-0.184891561138207
"2182",0.258064368430645,-0.184891561138207
"2183",0.258064368430645,-0.184891561138207
"2184",0.258064368430645,-0.184891561138207
"2185",0.258064368430645,-0.184891561138207
"2186",0.258064368430645,-0.184891561138207
"2187",0.258064368430645,-0.184891561138207
"2188",0.258064368430645,-0.184891561138207
"2189",0.258064368430645,-0.184891561138207
"2190",0.258064368430645,-0.184891561138207
"2191",0.258064368430645,-0.184891561138207
"2192",0.258064368430645,-0.184891561138207
"2193",0.258064368430645,-0.184891561138207
"2194",0.258064368430645,-0.184891561138207
"2195",0.258064368430645,-0.184891561138207
"2196",NA,NA
"2197",NA,NA
"2198",NA,NA
"2199",NA,NA
"2200",NA,NA
"2201",NA,NA
"2202",NA,NA
"2203",NA,NA
"2204",NA,NA
"2205",NA,NA
"2206",NA,NA
"2207",NA,NA
"2208",-0.290246107390092,-0.167203975989671
"2209",-0.290246107390092,-0.167203975989671
"2210",-0.290246107390092,-0.167203975989671
"2211",-0.290246107390092,-0.167203975989671
"2212",-0.290246107390092,-0.167203975989671
"2213",-0.290246107390092,-0.167203975989671
"2214",-0.290246107390092,-0.167203975989671
"2215",-0.290246107390092,-0.167203975989671
"2216",-0.290246107390092,-0.167203975989671
"2217",NA,NA
"2218",NA,NA
"2219",NA,NA
"2220",NA,NA
"2221",NA,NA
"2222",NA,NA
"2223",NA,NA
"2224",NA,NA
"2225",NA,NA
"2226",NA,NA
"2227",NA,NA
"2228",NA,NA
"2229",NA,NA
"2230",NA,NA
"2231",NA,NA
"2232",0.27851650007909,0.165336892651755
"2233",0.27851650007909,0.165336892651755
"2234",0.27851650007909,0.165336892651755
"2235",0.27851650007909,0.165336892651755
"2236",0.27851650007909,0.165336892651755
"2237",0.27851650007909,0.165336892651755
"2238",0.27851650007909,0.165336892651755
"2239",NA,NA
"2240",NA,NA
"2241",NA,NA
"2242",NA,NA
"2243",NA,NA
"2244",NA,NA
"2245",NA,NA
"2246",NA,NA
"2247",NA,NA
"2248",NA,NA
"2249",NA,NA
"2250",NA,NA
"2251",NA,NA
"2252",NA,NA
"2253",NA,NA
"2254",NA,NA
"2255",NA,NA
"2256",NA,NA
"2257",NA,NA
"2258",NA,NA
"2259",NA,NA
"2260",NA,NA
"2261",NA,NA
"2262",NA,NA
"2263",NA,NA
"2264",NA,NA
"2265",NA,NA
"2266",NA,NA
"2267",0.122181400642699,0.268109884311092
"2268",0.122181400642699,0.268109884311092
"2269",0.122181400642699,0.268109884311092
"2270",0.122181400642699,0.268109884311092
"2271",0.122181400642699,0.268109884311092
"2272",0.122181400642699,0.268109884311092
"2273",0.122181400642699,0.268109884311092
"2274",0.122181400642699,0.268109884311092
"2275",0.122181400642699,0.268109884311092
"2276",0.122181400642699,0.268109884311092
"2277",0.122181400642699,0.268109884311092
"2278",0.122181400642699,0.268109884311092
"2279",0.122181400642699,0.268109884311092
"2280",0.122181400642699,0.268109884311092
"2281",0.122181400642699,0.268109884311092
"2282",0.122181400642699,0.268109884311092
"2283",0.122181400642699,0.268109884311092
"2284",0.1221814006427,0.268109884311092
"2285",NA,NA
"2286",NA,NA
"2287",NA,NA
"2288",NA,NA
"2289",NA,NA
"2290",NA,NA
"2291",NA,NA
"2292",0.638999969933525,-0.196820221899585
"2293",0.638999969933525,-0.196820221899585
"2294",0.638999969933525,-0.196820221899585
"2295",0.638999969933525,-0.196820221899585
"2296",0.638999969933525,-0.196820221899585
"2297",0.638999969933525,-0.196820221899585
"2298",0.638999969933525,-0.196820221899585
"2299",0.638999969933525,-0.196820221899585
"2300",0.638999969933525,-0.196820221899585
"2301",0.638999969933525,-0.196820221899585
"2302",0.638999969933525,-0.196820221899585
"2303",0.638999969933525,-0.196820221899585
"2304",NA,NA
"2305",NA,NA
"2306",NA,NA
"2307",NA,NA
"2308",NA,NA
"2309",NA,NA
"2310",0.174624805424494,0.591451101935431
"2311",0.174624805424494,0.591451101935431
"2312",0.174624805424494,0.591451101935431
"2313",0.174624805424494,0.591451101935431
"2314",0.174624805424494,0.591451101935431
"2315",0.174624805424494,0.591451101935431
"2316",0.174624805424494,0.591451101935431
"2317",0.174624805424494,0.591451101935431
"2318",0.174624805424494,0.591451101935431
"2319",0.174624805424494,0.591451101935431
"2320",0.174624805424494,0.591451101935431
"2321",0.174624805424494,0.591451101935431
"2322",0.174624805424494,0.591451101935431
"2323",0.174624805424494,0.591451101935431
"2324",0.174624805424494,0.591451101935431
"2325",0.174624805424494,0.591451101935431
"2326",0.174624805424494,0.591451101935431
"2327",0.174624805424494,0.591451101935431
"2328",0.174624805424494,0.591451101935431
"2329",0.174624805424494,0.591451101935431
"2330",0.174624805424494,0.591451101935431
"2331",0.174624805424494,0.591451101935431
"2332",NA,NA
"2333",NA,NA
"2334",NA,NA
"2335",NA,NA
"2336",NA,NA
"2337",NA,NA
"2338",NA,NA
"2339",NA,NA
"2340",NA,NA
"2341",NA,NA
"2342",NA,NA
"2343",NA,NA
"2344",NA,NA
"2345",NA,NA
"2346",NA,NA
"2347",NA,NA
"2348",NA,NA
"2349",0.929492531168153,0.224216998612632
"2350",0.929492531168153,0.224216998612632
"2351",0.929492531168153,0.224216998612632
"2352",NA,NA
"2353",NA,NA
"2354",NA,NA
"2355",NA,NA
"2356",-0.759222475564208,-0.448936141687556
"2357",-0.759222475564208,-0.448936141687556
"2358",-0.759222475564208,-0.448936141687556
"2359",-0.759222475564208,-0.448936141687556
"2360",-0.759222475564208,-0.448936141687556
"2361",-0.759222475564208,-0.448936141687556
"2362",-0.759222475564208,-0.448936141687556
"2363",-0.759222475564208,-0.448936141687556
"2364",-0.759222475564208,-0.448936141687556
"2365",-0.759222475564208,-0.448936141687556
"2366",-0.759222475564208,-0.448936141687556
"2367",-0.759222475564208,-0.448936141687556
"2368",-0.759222475564208,-0.448936141687556
"2369",-0.759222475564208,-0.448936141687556
"2370",-0.759222475564208,-0.448936141687556
"2371",-0.759222475564208,-0.448936141687556
"2372",-0.759222475564208,-0.448936141687556
"2373",-0.759222475564208,-0.448936141687556
"2374",-0.759222475564208,-0.448936141687556
"2375",-0.759222475564208,-0.448936141687556
"2376",-0.759222475564208,-0.448936141687556
"2377",-0.759222475564208,-0.448936141687556
"2378",NA,NA
"2379",NA,NA
"2380",NA,NA
"2381",NA,NA
"2382",NA,NA
"2383",NA,NA
"2384",NA,NA
"2385",NA,NA
"2386",NA,NA
"2387",NA,NA
"2388",NA,NA
"2389",NA,NA
"2390",NA,NA
"2391",-0.229156036565885,0.884798796076029
"2392",-0.229156036565885,0.884798796076029
"2393",-0.229156036565885,0.884798796076029
"2394",-0.229156036565885,0.884798796076029
"2395",-0.229156036565885,0.884798796076029
"2396",-0.229156036565885,0.884798796076029
"2397",-0.229156036565885,0.884798796076029
"2398",-0.229156036565885,0.884798796076029
"2399",-0.229156036565885,0.884798796076029
"2400",-0.229156036565885,0.884798796076029
"2401",-0.229156036565885,0.884798796076029
"2402",-0.229156036565885,0.884798796076029
"2403",-0.229156036565885,0.884798796076029
"2404",-0.229156036565885,0.884798796076029
"2405",NA,NA
"2406",NA,NA
"2407",NA,NA
"2408",0.651757729414162,-0.355088972044143
"2409",0.651757729414162,-0.355088972044143
"2410",0.651757729414162,-0.355088972044143
"2411",0.651757729414162,-0.355088972044143
"2412",0.651757729414162,-0.355088972044143
"2413",0.651757729414162,-0.355088972044143
"2414",NA,NA
"2415",NA,NA
"2416",NA,NA
"2417",NA,NA
"2418",NA,NA
"2419",NA,NA
"2420",NA,NA
"2421",NA,NA
"2422",NA,NA
"2423",0.623757263535061,0.365399792211445
"2424",0.623757263535061,0.365399792211445
"2425",0.623757263535061,0.365399792211445
"2426",0.623757263535061,0.365399792211445
"2427",0.623757263535061,0.365399792211445
"2428",0.623757263535061,0.365399792211445
"2429",0.623757263535061,0.365399792211445
"2430",0.623757263535061,0.365399792211445
"2431",0.623757263535061,0.365399792211445
"2432",0.623757263535061,0.365399792211445
"2433",0.623757263535061,0.365399792211445
"2434",0.623757263535061,0.365399792211445
"2435",0.623757263535061,0.365399792211445
"2436",0.623757263535061,0.365399792211445
"2437",0.623757263535061,0.365399792211445
"2438",0.623757263535061,0.365399792211445
"2439",0.623757263535061,0.365399792211445
"2440",0.623757263535061,0.365399792211445
"2441",0.623757263535061,0.365399792211445
"2442",0.623757263535061,0.365399792211445
"2443",0.623757263535061,0.365399792211445
"2444",0.623757263535061,0.365399792211445
"2445",0.623757263535061,0.365399792211445
"2446",0.623757263535061,0.365399792211445
"2447",0.623757263535061,0.365399792211445
"2448",0.623757263535061,0.365399792211445
"2449",0.623757263535061,0.365399792211445
"2450",0.623757263535061,0.365399792211445
"2451",0.623757263535061,0.365399792211445
"2452",0.623757263535061,0.365399792211445
"2453",NA,NA
"2454",NA,NA
"2455",NA,NA
"2456",NA,NA
"2457",NA,NA
"2458",NA,NA
"2459",NA,NA
"2460",NA,NA
"2461",NA,NA
"2462",NA,NA
"2463",NA,NA
"2464",NA,NA
"2465",NA,NA
"2466",NA,NA
"2467",0.219325560214744,0.953859032117452
"2468",0.219325560214744,0.953859032117452
"2469",0.219325560214744,0.953859032117452
"2470",0.219325560214744,0.953859032117452
"2471",0.219325560214744,0.953859032117452
"2472",0.219325560214744,0.953859032117452
"2473",0.219325560214744,0.953859032117452
"2474",0.219325560214744,0.953859032117452
"2475",NA,NA
"2476",NA,NA
"2477",NA,NA
"2478",NA,NA
"2479",NA,NA
"2480",NA,NA
"2481",NA,NA
"2482",NA,NA
"2483",NA,NA
"2484",NA,NA
"2485",NA,NA
"2486",NA,NA
"2487",NA,NA
"2488",NA,NA
"2489",NA,NA
"2490",NA,NA
"2491",NA,NA
"2492",NA,NA
"2493",NA,NA
"2494",NA,NA
"2495",NA,NA
"2496",NA,NA
"2497",NA,NA
"2498",NA,NA
"2499",-0.124654553375021,-0.705022308465193
"2500",-0.124654553375021,-0.705022308465193
"2501",-0.124654553375021,-0.705022308465193
"2502",-0.124654553375021,-0.705022308465193
"2503",-0.124654553375021,-0.705022308465193
"2504",-0.124654553375021,-0.705022308465193
"2505",-0.124654553375021,-0.705022308465193
"2506",-0.124654553375021,-0.705022308465193
"2507",-0.124654553375021,-0.705022308465193
"2508",-0.124654553375021,-0.705022308465193
"2509",-0.124654553375021,-0.705022308465193
"2510",-0.124654553375021,-0.705022308465193
"2511",-0.124654553375021,-0.705022308465193
"2512",-0.124654553375021,-0.705022308465193
"2513",-0.124654553375021,-0.705022308465193
"2514",-0.124654553375021,-0.705022308465193
"2515",-0.124654553375021,-0.705022308465193
"2516",NA,NA
"2517",0.0358297495815766,0.580198414142517
"2518",0.0358297495815766,0.580198414142517
"2519",0.0358297495815766,0.580198414142517
"2520",0.0358297495815766,0.580198414142517
"2521",0.0358297495815766,0.580198414142517
"2522",0.0358297495815766,0.580198414142517
"2523",0.0358297495815766,0.580198414142517
"2524",0.0358297495815766,0.580198414142517
"2525",NA,NA
"2526",NA,NA
"2527",NA,NA
"2528",NA,NA
"2529",NA,NA
"2530",NA,NA
"2531",NA,NA
"2532",NA,NA
"2533",NA,NA
"2534",NA,NA
"2535",NA,NA
"2536",NA,NA
"2537",NA,NA
"2538",NA,NA
"2539",NA,NA
"2540",NA,NA
"2541",NA,NA
"2542",NA,NA
"2543",NA,NA
"2544",NA,NA
"2545",NA,NA
"2546",NA,NA
"2547",NA,NA
"2548",NA,NA
"2549",NA,NA
"2550",NA,NA
"2551",NA,NA
"2552",NA,NA
"2553",NA,NA
"2554",NA,NA
"2555",0.191650211114858,-0.344573777446248
"2556",0.191650211114858,-0.344573777446248
"2557",0.191650211114858,-0.344573777446248
"2558",0.191650211114858,-0.344573777446248
"2559",0.191650211114858,-0.344573777446248
"2560",0.191650211114858,-0.344573777446248
"2561",0.191650211114858,-0.344573777446248
"2562",0.191650211114858,-0.344573777446248
"2563",0.191650211114858,-0.344573777446248
"2564",0.191650211114858,-0.344573777446248
"2565",0.191650211114858,-0.344573777446248
"2566",0.191650211114858,-0.344573777446248
"2567",NA,NA
"2568",NA,NA
"2569",NA,NA
"2570",NA,NA
"2571",NA,NA
"2572",NA,NA
"2573",NA,NA
"2574",NA,NA
"2575",NA,NA
"2576",NA,NA
"2577",NA,NA
"2578",NA,NA
"2579",NA,NA
"2580",-0.138675647769418,0.214124446059356
"2581",-0.138675647769418,0.214124446059356
"2582",-0.138675647769418,0.214124446059356
"2583",-0.138675647769418,0.214124446059356
"2584",-0.138675647769418,0.214124446059356
"2585",-0.138675647769418,0.214124446059356
"2586",-0.138675647769418,0.214124446059356
"2587",-0.138675647769418,0.214124446059356
"2588",-0.138675647769418,0.214124446059356
"2589",-0.138675647769418,0.214124446059356
"2590",-0.138675647769418,0.214124446059356
"2591",-0.138675647769418,0.214124446059356
"2592",-0.138675647769418,0.214124446059356
"2593",-0.138675647769418,0.214124446059356
"2594",-0.138675647769418,0.214124446059356
"2595",-0.138675647769418,0.214124446059356
"2596",-0.138675647769418,0.214124446059356
"2597",NA,NA
"2598",NA,NA
"2599",NA,NA
"2600",NA,NA
"2601",NA,NA
"2602",NA,NA
"2603",NA,NA
"2604",NA,NA
"2605",NA,NA
"2606",NA,NA
"2607",NA,NA
"2608",NA,NA
"2609",NA,NA
"2610",NA,NA
"2611",0.0577392086836722,0.365437479983273
"2612",0.0577392086836722,0.365437479983273
"2613",0.0577392086836722,0.365437479983273
"2614",0.0577392086836722,0.365437479983273
"2615",0.0577392086836722,0.365437479983273
"2616",0.0577392086836722,0.365437479983273
"2617",0.0577392086836722,0.365437479983273
"2618",0.0577392086836722,0.365437479983273
"2619",0.0577392086836722,0.365437479983273
"2620",0.0577392086836722,0.365437479983273
"2621",0.0577392086836722,0.365437479983273
"2622",0.0577392086836722,0.365437479983273
"2623",0.0577392086836722,0.365437479983273
"2624",0.0577392086836722,0.365437479983273
"2625",0.0577392086836722,0.365437479983273
"2626",0.0577392086836722,0.365437479983273
"2627",0.0577392086836722,0.365437479983273
"2628",0.0577392086836722,0.365437479983273
"2629",NA,NA
"2630",NA,NA
"2631",NA,NA
"2632",NA,NA
"2633",NA,NA
"2634",NA,NA
"2635",NA,NA
"2636",NA,NA
"2637",NA,NA
"2638",-0.194303585809658,-0.557131624842038
"2639",-0.194303585809658,-0.557131624842038
"2640",-0.194303585809658,-0.557131624842038
"2641",-0.194303585809658,-0.557131624842038
"2642",-0.194303585809658,-0.557131624842038
"2643",-0.194303585809658,-0.557131624842038
"2644",-0.194303585809658,-0.557131624842038
"2645",-0.194303585809658,-0.557131624842038
"2646",-0.194303585809658,-0.557131624842038
"2647",NA,NA
"2648",NA,NA
"2649",NA,NA
"2650",NA,NA
"2651",NA,NA
"2652",NA,NA
"2653",NA,NA
"2654",NA,NA
"2655",NA,NA
"2656",NA,NA
"2657",NA,NA
"2658",NA,NA
"2659",NA,NA
"2660",NA,NA
"2661",NA,NA
"2662",NA,NA
"2663",NA,NA
"2664",NA,NA
"2665",NA,NA
"2666",NA,NA
"2667",NA,NA
"2668",NA,NA
"2669",NA,NA
"2670",0.154043108271207,-0.639196215129339
"2671",0.154043108271207,-0.639196215129339
"2672",NA,NA
"2673",NA,NA
"2674",NA,NA
"2675",NA,NA
"2676",NA,NA
"2677",NA,NA
"2678",NA,NA
"2679",NA,NA
"2680",NA,NA
"2681",NA,NA
"2682",NA,NA
"2683",NA,NA
"2684",NA,NA
"2685",NA,NA
"2686",NA,NA
"2687",NA,NA
"2688",NA,NA
"2689",0.467766889777211,-0.0931480192300623
"2690",0.467766889777211,-0.0931480192300623
"2691",0.467766889777211,-0.0931480192300623
"2692",0.467766889777211,-0.0931480192300623
"2693",0.467766889777211,-0.0931480192300623
"2694",0.467766889777211,-0.0931480192300623
"2695",0.467766889777211,-0.0931480192300623
"2696",0.467766889777211,-0.0931480192300623
"2697",0.467766889777211,-0.0931480192300623
"2698",0.467766889777211,-0.0931480192300623
"2699",0.467766889777211,-0.0931480192300623
"2700",0.467766889777211,-0.0931480192300623
"2701",0.467766889777211,-0.0931480192300623
"2702",0.467766889777211,-0.0931480192300623
"2703",0.467766889777211,-0.0931480192300623
"2704",0.467766889777211,-0.0931480192300623
"2705",0.467766889777211,-0.0931480192300623
"2706",NA,NA
"2707",NA,NA
"2708",NA,NA
"2709",NA,NA
"2710",NA,NA
"2711",NA,NA
"2712",NA,NA
"2713",NA,NA
"2714",NA,NA
"2715",NA,NA
"2716",NA,NA
"2717",NA,NA
"2718",NA,NA
"2719",NA,NA
"2720",NA,NA
"2721",NA,NA
"2722",NA,NA
"2723",NA,NA
"2724",NA,NA
"2725",NA,NA
"2726",NA,NA
"2727",NA,NA
"2728",NA,NA
"2729",NA,NA
"2730",NA,NA
"2731",NA,NA
"2732",NA,NA
"2733",NA,NA
"2734",NA,NA
"2735",NA,NA
"2736",NA,NA
"2737",-0.448422787325312,-0.171791818012345
"2738",-0.448422787325312,-0.171791818012345
"2739",-0.448422787325312,-0.171791818012345
"2740",-0.448422787325312,-0.171791818012345
"2741",-0.448422787325312,-0.171791818012345
"2742",-0.448422787325312,-0.171791818012345
"2743",NA,NA
"2744",0.400678049468546,0.707976003867599
"2745",0.400678049468546,0.707976003867599
"2746",0.400678049468546,0.707976003867599
"2747",0.400678049468546,0.707976003867599
"2748",0.400678049468546,0.707976003867599
"2749",0.400678049468546,0.707976003867599
"2750",0.400678049468546,0.707976003867599
"2751",0.400678049468546,0.707976003867599
"2752",0.400678049468546,0.707976003867599
"2753",0.400678049468546,0.707976003867599
"2754",0.400678049468546,0.707976003867599
"2755",0.400678049468546,0.707976003867599
"2756",0.400678049468546,0.707976003867599
"2757",0.400678049468546,0.707976003867599
"2758",0.400678049468546,0.707976003867599
"2759",0.400678049468546,0.707976003867599
"2760",0.400678049468546,0.707976003867599
"2761",NA,NA
"2762",NA,NA
"2763",NA,NA
"2764",NA,NA
"2765",NA,NA
"2766",NA,NA
"2767",NA,NA
"2768",NA,NA
"2769",NA,NA
"2770",NA,NA
"2771",NA,NA
"2772",NA,NA
"2773",NA,NA
"2774",NA,NA
"2775",NA,NA
"2776",NA,NA
"2777",NA,NA
"2778",-0.266018222230226,-0.049754105460818
"2779",-0.266018222230226,-0.049754105460818
"2780",-0.266018222230226,-0.049754105460818
"2781",-0.266018222230226,-0.049754105460818
"2782",-0.266018222230226,-0.049754105460818
"2783",0.438561293895037,-1.04810789666439
"2784",0.438561293895037,-1.04810789666439
"2785",0.438561293895037,-1.04810789666439
"2786",0.438561293895037,-1.04810789666439
"2787",0.438561293895037,-1.04810789666439
"2788",0.438561293895037,-1.04810789666439
"2789",0.438561293895037,-1.04810789666439
"2790",0.438561293895037,-1.04810789666439
"2791",0.438561293895037,-1.04810789666439
"2792",0.438561293895037,-1.04810789666439
"2793",0.438561293895037,-1.04810789666439
"2794",0.438561293895037,-1.04810789666439
"2795",0.438561293895037,-1.04810789666439
"2796",0.438561293895037,-1.04810789666439
"2797",0.438561293895037,-1.04810789666439
"2798",0.438561293895037,-1.04810789666439
"2799",0.438561293895037,-1.04810789666439
"2800",0.438561293895037,-1.04810789666439
"2801",0.438561293895037,-1.04810789666439
"2802",0.438561293895037,-1.04810789666439
"2803",0.438561293895037,-1.04810789666439
"2804",0.438561293895037,-1.04810789666439
"2805",0.438561293895037,-1.04810789666439
"2806",0.438561293895037,-1.04810789666439
"2807",0.438561293895037,-1.04810789666439
"2808",0.438561293895037,-1.04810789666439
"2809",NA,NA
"2810",NA,NA
"2811",NA,NA
"2812",NA,NA
"2813",NA,NA
"2814",NA,NA
"2815",NA,NA
"2816",NA,NA
"2817",NA,NA
"2818",NA,NA
"2819",NA,NA
"2820",NA,NA
"2821",NA,NA
"2822",NA,NA
"2823",NA,NA
"2824",NA,NA
"2825",NA,NA
"2826",NA,NA
"2827",NA,NA
"2828",NA,NA
"2829",NA,NA
"2830",NA,NA
"2831",NA,NA
"2832",NA,NA
"2833",NA,NA
"2834",-0.290091908111498,0.0257085619958475
"2835",-0.290091908111498,0.0257085619958475
"2836",-0.290091908111498,0.0257085619958475
"2837",-0.290091908111498,0.0257085619958475
"2838",NA,NA
"2839",NA,NA
"2840",NA,NA
"2841",-0.274973821461091,-0.596835052661319
"2842",-0.274973821461091,-0.596835052661319
"2843",-0.274973821461091,-0.596835052661319
"2844",-0.274973821461091,-0.596835052661319
"2845",-0.274973821461091,-0.596835052661319
"2846",-0.274973821461091,-0.596835052661319
"2847",-0.274973821461091,-0.596835052661319
"2848",-0.274973821461091,-0.596835052661319
"2849",-0.274973821461091,-0.596835052661319
"2850",-0.274973821461091,-0.596835052661319
"2851",-0.274973821461091,-0.596835052661319
"2852",-0.274973821461091,-0.596835052661319
"2853",-0.274973821461091,-0.596835052661319
"2854",-0.274973821461091,-0.596835052661319
"2855",-0.274973821461091,-0.596835052661319
"2856",-0.274973821461091,-0.596835052661319
"2857",-0.274973821461091,-0.596835052661319
"2858",-0.274973821461091,-0.596835052661319
"2859",-0.274973821461091,-0.596835052661319
"2860",-0.274973821461091,-0.596835052661319
"2861",-0.274973821461091,-0.596835052661319
"2862",NA,NA
"2863",NA,NA
"2864",NA,NA
"2865",NA,NA
"2866",NA,NA
"2867",NA,NA
"2868",NA,NA
"2869",NA,NA
"2870",NA,NA
"2871",NA,NA
"2872",NA,NA
"2873",NA,NA
"2874",NA,NA
"2875",NA,NA
