"direction","gene_type","cor_pvalue","tss_dist"
"hypo","lincRNA",0.560147575181547,68070
"hypo","protein_coding",2.92562750641485e-05,-2838
"hypo","psedo-gene",1.07381001181392e-05,4848
"hypo","protein_coding",0.000562504046490711,3878
"hypo","protein_coding",6.44494516834756e-06,3053
"hypo","lincRNA",8.68453155162153e-08,66585
"hypo","lincRNA",0.000537489008059207,4590
"hypo","protein_coding",0.00048431633816001,890
"hypo","lincRNA",0.0816005917223858,-3087
"hypo","lincRNA",0.00122796862247321,32908
"hypo","protein_coding",0.00556730783368054,4019
"hypo","psedo-gene",0.558666463835314,-1432
"hyper","protein_coding",0.0100885642116964,532874
"hypo","psedo-gene",0.025982973287887,131
"hyper","others",0.000594592192567923,82286
"hypo","protein_coding",0.270005755299286,270
"hypo","protein_coding",1.4682265421288e-05,16182
"hypo","protein_coding",0.230218676630973,-2784
"hypo","microRNA",0.0202979002895588,99270
"hypo","protein_coding",5.45085055778317e-07,-4465
"hypo","protein_coding",0.00320472333332734,696
"hypo","protein_coding",1.56473552700134e-07,104276
"hypo","protein_coding",3.72087147335468e-05,-1066
"hypo","protein_coding",0.0060978945145665,98347
"hypo","protein_coding",0.115715435637688,5125
"hyper","protein_coding",0.0177092497823476,56167
"hyper","protein_coding",0.0439085795334232,73189
"hyper","microRNA",0.0966696689438011,82051
"hypo","protein_coding",1.65790003560101e-07,24574
"hypo","others",0.020465495262646,994
"hyper","protein_coding",1.20667496760799e-05,63285
"hypo","protein_coding",0.0186726362719533,83517
"hyper","protein_coding",0.00120791165536992,55194
"hyper","lincRNA",0.897621569625111,72914
"hyper","protein_coding",0.000182395599597023,519
"hyper","psedo-gene",0.324719846744342,131487
"hypo","protein_coding",0.342867970092319,433
"hypo","protein_coding",1.08467348355266e-07,67545
"hypo","protein_coding",0.0380971808215781,-912
"hypo","protein_coding",0.00966385165444015,56323
"hyper","others",0.00809527626586797,72480
"hypo","protein_coding",0.00216548225457295,3455
"hypo","protein_coding",1.80256395506018e-05,4096
"hypo","others",7.85956270262273e-05,980
"hypo","protein_coding",0.000209672055757106,881
"hypo","protein_coding",1.75361988800977e-05,1369
"hypo","microRNA",0.0101379583230972,72978
"hypo","others",0.0295235591707138,2029
"hypo","others",2.94724095030545e-07,-3588
"hypo","lincRNA",1.35293248003798e-07,1628
"hypo","protein_coding",0.214822113188599,88151
"hyper","microRNA",0.0262128852734793,29538
"hypo","protein_coding",0.0653637074940114,-2671
"hypo","lincRNA",0.00481943566445527,60542
"hypo","protein_coding",0.00105954837278313,464
"hypo","protein_coding",0.00215203080658625,58383
"hypo","microRNA",0.00799813460580134,450
"hypo","psedo-gene",3.69122616550291e-05,6715
"hyper","protein_coding",0.612920065957757,8658
"hypo","others",0.0503589266021493,3289
"hypo","protein_coding",0.0524617242156217,987957
"hypo","microRNA",0.0215227811120387,4252
"hypo","lincRNA",0.00502161260135637,163
"hypo","others",0.0100254471482829,973
"hypo","protein_coding",0.000184423765532552,39719
"hypo","protein_coding",0.00170494655433247,431
"hypo","lincRNA",0.0398557981991802,109
"hypo","protein_coding",0.000189278920334193,-2
"hypo","lincRNA",0.0010258354465235,154
"hyper","protein_coding",0.0403365797966645,95966
"hyper","lincRNA",0.00262683037719255,99207
"hypo","protein_coding",1.13646592213381e-06,392
"hypo","others",0.000377169227981803,35035
"hyper","protein_coding",0.146878326810934,4736
"hypo","protein_coding",0.962241565234579,365
"hyper","protein_coding",0.761004949520899,37011
"hypo","protein_coding",1.64017642278182e-05,42298
"hypo","protein_coding",0.000604675798052507,-671
"hypo","others",7.3105627738528e-05,999
"hypo","protein_coding",0.0111805774310231,106
"hypo","protein_coding",0.00829858010503027,1959
"hyper","others",0.0904313205497321,19444
"hypo","microRNA",0.000160510051583366,782758
"hyper","protein_coding",3.09726732602803e-05,2793
"hyper","microRNA",3.20335732641889e-10,42587
"hypo","protein_coding",0.00466820059966365,-46
"hypo","others",0.0795395613510109,2979
"hyper","protein_coding",0.000244241305141008,796339
"hyper","protein_coding",0.258480837745188,46156
"hyper","protein_coding",0.0209949457971088,66183
"hypo","protein_coding",0.0154769986101334,703113
"hypo","protein_coding",8.23758338099208e-05,967
"hyper","protein_coding",0.00457771329266957,144891
"hypo","lincRNA",0.00766210628160689,746
"hyper","lincRNA",0.0429288051958764,72676
"hyper","lincRNA",0.000168950679377971,89573
"hyper","protein_coding",0.101298014791224,80180
"hypo","others",0.00524297455719625,60835
"hyper","psedo-gene",0.000161702253827326,38176
"hypo","psedo-gene",0.0155469574212725,20808
"hyper","protein_coding",3.05522432952514e-05,23912
"hyper","protein_coding",7.47333827115458e-06,47748
"hyper","others",6.73015278828724e-06,86932
"hypo","protein_coding",6.48628859444395e-05,77897
"hypo","psedo-gene",0.150644617376781,255
"hypo","protein_coding",0.113258729489514,74532
"hypo","lincRNA",0.103041834431123,605
"hypo","protein_coding",0.000123371831759239,470
"hypo","protein_coding",0.00228140241188218,766267
"hyper","lincRNA",0.00213596754574874,14582
"hypo","microRNA",0.0763814937174276,3933
"hypo","protein_coding",0.000602331670677301,17114
"hypo","others",0.00327830204380732,178
"hyper","psedo-gene",9.26212544970038e-07,28570
"hypo","lincRNA",0.00102097773115505,290650
"hypo","protein_coding",0.466196597184605,301
"hypo","protein_coding",0.367473448576888,-3255
"hypo","protein_coding",0.00158389570861439,71936
"hyper","protein_coding",0.00121919039755278,5125
"hyper","others",1.12649906274548e-05,15237
"hypo","microRNA",0.378544355673501,1523
"hypo","lincRNA",0.0264935644692869,-661
"hypo","lincRNA",0.00270933089097748,827
"hypo","protein_coding",0.000197715166661614,373
"hypo","protein_coding",7.22810762193873e-05,65722
"hypo","protein_coding",0.0557438651698388,572
"hypo","protein_coding",0.00092700065126554,839
"hypo","protein_coding",0.0151912575902959,3337
"hypo","protein_coding",4.01118297007467e-07,-2493
"hyper","protein_coding",0.0518115216185753,66217
"hypo","protein_coding",0.00225190828332234,925
"hypo","microRNA",0.0341935334213684,4850
"hypo","protein_coding",0.00752548688761739,1849
"hypo","psedo-gene",0.00744495675605558,3843
"hyper","lincRNA",0.100611372760531,822399
"hypo","protein_coding",0.0243064902130911,537
"hypo","protein_coding",0.00032049666058691,436
"hypo","protein_coding",0.0516448260075314,387
"hypo","others",0.000360382703372177,184
"hyper","microRNA",0.015061449524742,57304
"hyper","protein_coding",0.00014538126879402,17514
"hypo","others",0.00117491156077816,113
"hypo","lincRNA",0.0626923167043325,-2777
"hypo","microRNA",0.332519180721677,-223
"hypo","psedo-gene",0.00058704252963714,229
"hypo","protein_coding",0.000940304779384982,112
"hypo","protein_coding",1.6792136538164e-05,46378
"hypo","protein_coding",5.08569202512199e-05,40625
"hypo","protein_coding",0.0167845453306832,137
"hypo","protein_coding",0.0140473120238883,4458
"hypo","protein_coding",0.237515288985583,43
"hypo","protein_coding",9.01167238528264e-06,53
"hypo","microRNA",4.211703909919e-05,376
"hyper","lincRNA",3.62931941111454e-05,12094
"hypo","protein_coding",0.00856828516760569,360
"hypo","lincRNA",0.0153671978926092,2670
"hyper","microRNA",0.000378575148616911,83234
"hyper","protein_coding",0.00250148409796884,62673
"hypo","protein_coding",0.00191734398104582,-3848
"hypo","protein_coding",0.00447351140998704,32753
"hypo","protein_coding",0.207048463863794,92059
"hypo","psedo-gene",0.00459821105914993,62541
"hypo","protein_coding",0.00744888480184875,12204
"hyper","protein_coding",0.00127432338975521,744
"hypo","psedo-gene",5.0164187157596e-09,84584
"hypo","protein_coding",0.00334424728285909,329
"hypo","protein_coding",0.000111537159232921,29243
"hyper","protein_coding",0.000331693253496057,12171
"hypo","protein_coding",0.000969254180914578,88025
"hypo","protein_coding",0.0137843838434553,10270
"hyper","protein_coding",7.14687945030198e-05,1129
"hyper","protein_coding",5.09243152461015e-05,25371
"hypo","protein_coding",0.00895270942619229,870
"hypo","others",0.269940488202175,659
"hypo","protein_coding",3.57999199755732e-05,-505
"hyper","protein_coding",0.00205880543814268,18381
"hypo","protein_coding",0.00010547805745919,175
"hypo","microRNA",0.00570497916249711,209
"hypo","others",5.62799321162201e-07,65215
"hypo","psedo-gene",0.000943724458210554,-2267
"hypo","lincRNA",0.00724147515789573,775
"hypo","lincRNA",7.98009328467121e-06,-2609
"hyper","psedo-gene",0.121804475125984,19467
"hypo","protein_coding",0.228724325384904,8290
"hypo","protein_coding",0.0427346054365838,854
"hypo","protein_coding",0.000785799141844166,894
"hypo","others",1.27221049228905e-05,826269
"hyper","protein_coding",0.00482611946134951,18849
"hypo","protein_coding",3.64760001445303e-05,31804
"hypo","protein_coding",0.020555560401099,293
"hypo","protein_coding",0.00504334374225012,998
"hypo","protein_coding",0.000322704346903633,862
"hypo","protein_coding",0.00566633629621643,593
"hypo","protein_coding",0.0758254722159845,216
"hypo","protein_coding",0.135863589762334,28
"hypo","microRNA",4.18165004891455e-05,524
"hypo","protein_coding",0.00347176273445505,1886
"hypo","microRNA",0.000227866416263944,-4447
"hypo","protein_coding",0.383301580987387,-2792
"hypo","psedo-gene",9.28473086496701e-06,665
"hypo","protein_coding",0.00154988635816579,74337
"hypo","protein_coding",3.10645722830557e-05,77049
"hyper","protein_coding",0.0562261206647832,61022
"hyper","protein_coding",0.027585876569537,49653
"hypo","lincRNA",1.77020453091138e-05,7179
"hypo","others",1.8730399405833e-06,879
"hyper","psedo-gene",0.00303177877138502,10616
"hypo","others",0.000248390377377548,26448
"hypo","microRNA",0.000548921963020016,-3123
"hypo","protein_coding",0.000139034594158759,435
"hyper","protein_coding",0.00234883942959926,19928
"hyper","protein_coding",0.000454172199513629,26195
"hypo","protein_coding",0.000124818344361381,-1636
"hypo","psedo-gene",3.3833392978208e-06,618
"hypo","psedo-gene",0.0690081923357064,172498
"hyper","protein_coding",0.000454741752019488,72934
"hyper","protein_coding",0.00678296941689559,86185
"hyper","protein_coding",0.0234473063853466,42056
"hypo","others",0.741703280896648,540281
"hypo","protein_coding",0.00605472125121905,3
"hypo","protein_coding",0.000562000086497659,4142
"hyper","others",8.84108771934e-05,27130
"hyper","protein_coding",0.111167394843771,45203
"hypo","protein_coding",0.00250511219829768,38
"hypo","others",0.21275827701602,1693
"hypo","protein_coding",0.00118091110811421,66831
"hypo","microRNA",0.00641712180146175,2413
"hypo","microRNA",0.0074839171925572,188
"hyper","protein_coding",2.64673982972385e-06,43447
"hyper","lincRNA",0.000304887624058997,24627
"hyper","microRNA",0.000362485053149855,73528
"hyper","protein_coding",0.293590203488945,47996
"hyper","protein_coding",0.171250597898793,53493
"hypo","others",1.74668546067746e-08,79480
"hypo","psedo-gene",0.000214112316606062,-3003
"hypo","protein_coding",5.55223311694476e-05,56529
"hypo","protein_coding",5.27931404074148e-07,907120
"hyper","microRNA",0.00406415194748118,547288
"hyper","others",0.000305396338851234,87424
"hypo","psedo-gene",0.032166374563757,3855
"hypo","protein_coding",0.115653325838754,411
"hypo","microRNA",0.51965135078344,1948
"hypo","protein_coding",0.269973171448981,34241
"hypo","microRNA",0.00431781020949178,2278
"hypo","lincRNA",0.698994626824005,137937
"hyper","others",0.00914604058713979,11183
"hypo","others",0.00445410995421395,276
"hyper","protein_coding",0.0041550140227331,39364
"hyper","protein_coding",0.00262421421247876,82180
"hyper","lincRNA",0.0109944612477887,41418
"hypo","protein_coding",0.0349067142792757,673
"hypo","psedo-gene",6.37857789897387e-05,578
"hypo","microRNA",1.0498498340355e-05,49879
"hypo","protein_coding",0.0163030475252792,2893
"hypo","microRNA",0.001734866443794,-4369
"hypo","protein_coding",0.000164853296340011,247
"hypo","others",0.000134499687511942,965
"hypo","protein_coding",0.000342843563121173,-1287
"hyper","protein_coding",0.091025692994437,66438
"hypo","psedo-gene",0.086076398122544,287
"hypo","protein_coding",0.0115959995370153,764
"hypo","psedo-gene",0.00372494100950614,93
"hypo","protein_coding",0.0289108078072514,767
"hyper","microRNA",0.130179285439162,54165
"hypo","others",0.10998479915225,241
"hypo","protein_coding",5.1171790818226e-05,766
"hypo","others",0.0720990853946419,607927
"hyper","protein_coding",0.0101920633797114,79744
"hypo","microRNA",0.319899147909706,401
"hyper","lincRNA",0.0149037726991678,413078
"hypo","protein_coding",0.00100722827626569,5986
"hypo","protein_coding",0.000505886445036938,33994
"hypo","protein_coding",1.10286753023437e-07,85263
"hypo","protein_coding",0.089822352628825,872
"hypo","psedo-gene",0.00197799615301479,18187
"hyper","protein_coding",0.002500469848137,18732
"hyper","others",0.0269272263354487,13694
"hypo","protein_coding",0.000184386589462071,411
"hypo","protein_coding",3.87678542223326e-05,790
"hypo","lincRNA",0.0512690955737535,864
"hypo","microRNA",5.03381121306448e-05,443330
"hypo","protein_coding",2.68250930678604e-06,39677
"hypo","psedo-gene",0.000475754382117902,317
"hypo","psedo-gene",8.83118138145472e-05,910
"hyper","protein_coding",0.463819826209159,68573
"hyper","protein_coding",0.00534356208994777,19774
"hypo","protein_coding",0.32306488679608,366
"hyper","microRNA",0.0964261762741032,24765
"hypo","protein_coding",0.102261736097898,520
"hypo","microRNA",0.00303918048874303,37
"hypo","protein_coding",0.00835165996942303,4385
"hypo","lincRNA",0.000930952529433452,771221
"hypo","protein_coding",0.00253525719618212,2505
"hyper","protein_coding",0.000358850058233745,46315
"hypo","protein_coding",6.03825136199018e-06,7739
"hyper","lincRNA",0.000628878244354851,31520
"hyper","protein_coding",1.15618004654757e-05,80581
"hypo","protein_coding",0.456202611901314,22772
"hyper","protein_coding",0.00459463635010239,86921
"hypo","microRNA",0.00118584715249248,1548
"hyper","protein_coding",0.000668216277269448,872388
"hyper","protein_coding",0.000160243620524657,87779
"hyper","protein_coding",0.0220967131743373,265168
"hyper","protein_coding",0.0445916089756401,180053
"hyper","lincRNA",0.00454554932937419,525075
"hyper","psedo-gene",2.02653903743698e-05,63764
"hyper","protein_coding",0.00168086426378452,859985
"hyper","psedo-gene",0.0730330367296685,503869
"hyper","protein_coding",0.0424682751560946,667202
"hyper","microRNA",0.0119926125857565,59979
"hyper","protein_coding",0.192753668525553,832858
"hyper","protein_coding",0.00941478978757055,551991
"hyper","microRNA",6.04561191214904e-06,156245
"hypo","psedo-gene",4.5227288080941e-05,19581
"hyper","lincRNA",0.00026257041313938,520573
"hyper","microRNA",0.065868607294448,27920
"hyper","lincRNA",0.0176745704265404,407931
"hyper","protein_coding",0.0336692589690316,990858
"hyper","lincRNA",1.27490919371159e-05,295690
"hypo","protein_coding",0.0573999820737158,29509
"hyper","microRNA",5.82998191403344e-05,801465
"hyper","lincRNA",0.484324798997399,595963
"hyper","protein_coding",0.0200575655392683,763877
"hypo","protein_coding",2.23670074018504e-07,159826
"hyper","protein_coding",3.34098243884834e-05,317462
"hypo","protein_coding",0.384857044877533,784135
"hypo","microRNA",0.00792012053176387,430706
"hyper","protein_coding",0.000633051936381759,521507
"hyper","protein_coding",0.0028722810522433,616295
"hyper","protein_coding",1.63331043389528e-07,70861
"hyper","lincRNA",0.0756212107828546,964024
"hyper","lincRNA",0.00940580489171672,435536
"hyper","protein_coding",4.50664879287074e-07,279015
"hyper","protein_coding",0.0039424514252472,737399
"hyper","protein_coding",0.000629394116843298,891814
"hyper","protein_coding",0.00992794395763139,648143
"hypo","protein_coding",0.00829448950925182,353870
"hyper","psedo-gene",0.050256870240294,67848
"hyper","psedo-gene",0.000498191058677298,168005
"hyper","others",0.0022613463130358,485553
"hyper","lincRNA",0.00214358904474117,610515
"hypo","others",0.0173659309298014,855205
"hyper","protein_coding",0.0098674952974851,916266
"hyper","protein_coding",2.45269542200805e-05,362744
"hyper","lincRNA",0.000386027015296769,195696
"hyper","protein_coding",1.26816756357375e-05,477960
"hyper","protein_coding",0.0530715891919987,325417
"hyper","protein_coding",0.000149200142826573,973672
"hypo","protein_coding",0.0248867715354111,317432
"hyper","microRNA",0.211282270879286,134676
"hyper","lincRNA",0.412419649966212,978934
"hypo","protein_coding",4.20293476548456e-08,655375
"hyper","lincRNA",0.0787230339806585,486801
"hyper","protein_coding",4.1258758384413e-06,97945
"hyper","protein_coding",0.0136170368786981,482941
"hyper","protein_coding",0.232975469917283,808398
"hypo","protein_coding",0.126971524164198,837729
"hyper","protein_coding",8.37353188893798e-05,349460
"hyper","protein_coding",0.000144917642090841,486362
"hyper","protein_coding",0.0178520541559967,562622
"hyper","protein_coding",0.003948184030478,3453
"hyper","others",0.000435086439050078,817173
"hypo","protein_coding",0.0039680358454688,96979
"hyper","others",0.000152627531280893,81490
"hypo","others",0.0365399377233392,68573
"hyper","protein_coding",0.000179568544511067,319343
"hyper","protein_coding",0.0111166183239144,942078
"hyper","protein_coding",5.24993733807904e-10,740937
"hyper","protein_coding",2.36552720146709e-05,313372
"hyper","others",0.350781424001174,280660
"hypo","protein_coding",0.00577000544360714,595210
"hypo","protein_coding",0.00161523623665121,276229
"hypo","protein_coding",0.00493893304897329,208929
"hyper","lincRNA",0.0640906061797149,39122
"hyper","others",0.0143747840347383,338020
"hyper","protein_coding",0.00855303218096219,56319
"hyper","psedo-gene",0.026641335417446,871838
"hypo","others",0.00127193891486079,299228
"hyper","protein_coding",0.00778530420138022,901481
"hyper","protein_coding",0.179480455667405,660895
"hypo","protein_coding",0.00013749418198526,767079
"hyper","lincRNA",0.131578803121036,919544
"hypo","psedo-gene",0.00092929456294274,7016
"hyper","microRNA",0.0100431534747461,831580
"hyper","microRNA",0.00125691601353517,21539
"hyper","psedo-gene",0.643051546092738,789227
"hyper","protein_coding",0.0458620613324617,163418
"hyper","psedo-gene",1.86017201283962e-06,459917
"hyper","protein_coding",0.0124584150802217,919188
"hypo","protein_coding",0.00112379837055695,933566
"hyper","protein_coding",0.0117929236537159,982597
"hypo","psedo-gene",0.0150515443812112,38711
"hypo","protein_coding",4.37730087416093e-05,14668
"hyper","protein_coding",0.000100637290255345,127872
"hypo","lincRNA",0.00207449220303118,292957
"hyper","others",2.42374724412571e-06,603172
"hypo","protein_coding",0.00156487317003331,819736
"hypo","microRNA",0.337151211123891,716602
"hyper","protein_coding",0.102154578386348,514663
"hypo","protein_coding",6.17561072430144e-05,803942
"hypo","protein_coding",0.00211845360889754,632061
"hyper","microRNA",0.0688664989010196,908128
"hyper","microRNA",0.165157062151614,228906
"hypo","protein_coding",0.0440290799781255,427738
"hyper","lincRNA",0.500153502296917,583577
"hypo","protein_coding",0.00218429610908744,827935
"hyper","protein_coding",9.18730402065436e-05,832219
"hyper","protein_coding",0.0978080827248678,599446
"hypo","lincRNA",0.00150193067077193,327172
"hyper","others",0.00167636379402121,681750
"hypo","protein_coding",0.00138654682066803,714477
"hyper","protein_coding",1.84099816331325e-05,77503
"hyper","protein_coding",2.85737627010825e-05,473650
"hyper","lincRNA",0.00332034883944619,563898
"hyper","others",0.213644343330629,74952
"hypo","protein_coding",0.00299633879417004,448790
"hyper","protein_coding",2.55284767940488e-06,560930
"hyper","protein_coding",0.12458184559663,470440
"hyper","lincRNA",0.000499935159320072,799726
"hyper","microRNA",6.32960743070597e-05,808151
"hyper","microRNA",0.0682079056708996,910661
"hyper","others",2.10945332625052e-07,560357
"hypo","protein_coding",7.01735303844823e-07,34659
"hyper","protein_coding",0.0178107151026547,356850
"hyper","protein_coding",0.254947619443735,628836
"hyper","microRNA",1.82916704418552e-06,90274
"hyper","others",1.65516399746229e-05,489105
"hypo","protein_coding",0.0277967706227391,688627
"hyper","protein_coding",0.941196600881555,94458
"hyper","protein_coding",2.61161183794568e-05,889719
"hypo","protein_coding",4.58992487740983e-08,836578
"hyper","protein_coding",7.5698422364332e-05,441260
"hyper","psedo-gene",0.141570481054177,539086
"hyper","protein_coding",0.000124810805962809,342137
"hypo","protein_coding",0.0520451289960594,832523
"hypo","protein_coding",0.00277574174127444,326867
"hyper","protein_coding",0.000980397465665127,184540
"hyper","psedo-gene",4.87007773543699e-07,144226
"hyper","lincRNA",0.175906290854107,62634
"hypo","protein_coding",0.00162037388801653,521409
"hyper","protein_coding",0.000361016605690941,842768
"hypo","protein_coding",0.499873026532152,378769
"hyper","protein_coding",0.00967889286886496,778311
"hyper","lincRNA",0.000212016913566051,709840
"hyper","protein_coding",0.000623723010345719,889728
"hyper","others",3.26621419691534e-05,306811
"hypo","lincRNA",0.109883741120095,765631
"hyper","protein_coding",0.0454361610018157,417421
"hyper","psedo-gene",0.00156918353980543,221412
"hyper","others",0.00734879904195301,780038
"hyper","others",0.411762213280892,16438
"hyper","protein_coding",0.00580092426166657,896904
"hyper","others",0.0105810147622931,423987
"hyper","others",0.00200868524811193,513368
"hyper","protein_coding",0.00102964131846825,816692
"hypo","protein_coding",1.24793993473453e-05,962658
"hyper","protein_coding",0.000180786253790239,576534
"hyper","protein_coding",4.61138918662732e-05,102238
"hyper","protein_coding",4.06772716427548e-06,959952
"hyper","protein_coding",0.00786161072000386,35439
"hyper","others",0.0326297404431349,284811
"hypo","lincRNA",0.111950698503069,12563
"hypo","lincRNA",0.088059566262009,873018
"hyper","others",0.00311342323265789,35583
"hypo","psedo-gene",0.224031233645633,528476
"hyper","protein_coding",0.0790895656757472,863871
"hyper","protein_coding",0.000662452423555022,819138
"hyper","protein_coding",0.000671266927601522,82027
"hypo","protein_coding",0.0406956651425339,12117
"hypo","protein_coding",0.00222543649983333,9565
"hyper","protein_coding",2.84881974404854e-05,402034
"hyper","protein_coding",0.0183506932483585,620503
"hyper","microRNA",0.0620419433038323,50377
"hyper","lincRNA",0.138387985725776,813160
"hyper","microRNA",0.147635927830076,795313
"hypo","protein_coding",0.000531045453883806,823821
"hyper","others",0.029712433193188,590874
"hyper","lincRNA",3.86850542065725e-05,22063
"hyper","psedo-gene",0.000696151233225316,374489
"hyper","others",1.56399550183703e-05,829610
"hyper","protein_coding",0.0121348958182072,48585
"hypo","protein_coding",0.000307718560591128,84004
"hypo","protein_coding",0.00161582749137906,91891
"hyper","protein_coding",3.21729499231071e-06,936506
"hyper","others",0.0093027828425312,38229
"hyper","protein_coding",0.000597125725611694,652873
"hyper","protein_coding",0.000342541792120228,385447
"hyper","protein_coding",0.0497445782255043,873038
"hyper","protein_coding",2.03559543910093e-05,312080
"hyper","psedo-gene",0.000324738305507786,96835
"hyper","protein_coding",0.00510670811808561,167868
"hyper","protein_coding",0.0326600007175051,152750
"hyper","psedo-gene",0.00478274885226839,361580
"hyper","others",0.00188274304328343,130180
"hyper","protein_coding",7.59664867446013e-05,442506
"hyper","microRNA",0.0324008060056905,260823
"hyper","protein_coding",0.0441205897226857,803449
"hyper","protein_coding",2.08901003687855e-05,379318
"hyper","microRNA",0.000252345417531985,234458
"hyper","protein_coding",0.00019550818626492,81778
"hypo","protein_coding",5.29959532904164e-07,960475
"hyper","protein_coding",7.78863967589067e-08,91891
"hypo","others",0.0267412971030755,865793
"hypo","others",0.758329147443965,91899
"hypo","protein_coding",0.815232399386621,57562
"hypo","protein_coding",3.90681666195146e-05,90362
"hyper","protein_coding",0.471999449227612,737766
"hyper","protein_coding",0.000432788428377456,371189
"hyper","protein_coding",0.000476347281433556,11781
"hyper","protein_coding",0.00966370380373535,58528
"hyper","protein_coding",0.00874907050939456,110616
"hyper","protein_coding",7.06672996786969e-05,95833
"hyper","protein_coding",2.98592991306221e-05,296037
"hyper","lincRNA",3.73909740235332e-05,293412
"hypo","protein_coding",0.0370436976372621,336366
"hyper","protein_coding",1.2760091805654e-05,805915
"hypo","protein_coding",0.76715840664082,997485
"hyper","psedo-gene",0.00210177354365912,159719
"hyper","psedo-gene",0.00589861897317825,940862
"hyper","protein_coding",0.00084369261284312,416245
"hypo","microRNA",0.000398615865755986,69945
"hyper","lincRNA",5.39442214978224e-05,765351
"hyper","protein_coding",0.000100319852491435,210475
"hyper","lincRNA",0.000211056497875082,36267
"hyper","protein_coding",0.000261765296355513,250814
"hyper","others",0.000330561945928453,242267
"hypo","protein_coding",0.023119825836222,28971
"hyper","protein_coding",1.29793175241415e-05,69647
"hypo","psedo-gene",0.0110558308947652,160127
"hypo","protein_coding",0.00461829808433615,450850
"hyper","protein_coding",0.389813868193186,380156
"hyper","protein_coding",0.00479005730571791,289246
"hyper","protein_coding",0.00875712087487302,74310
"hypo","psedo-gene",0.00125109508850354,704430
"hypo","protein_coding",0.00801804673404022,87264
"hyper","others",0.00661684273123769,36395
"hyper","protein_coding",0.0393950955792745,251752
"hyper","others",0.00249983801979512,282894
"hypo","lincRNA",0.0100673643401364,225053
"hypo","protein_coding",0.345589640058822,748455
"hyper","lincRNA",8.8102048223112e-06,706431
"hyper","protein_coding",0.177609847153486,533033
"hyper","microRNA",4.47044413453237e-05,86247
"hyper","protein_coding",0.00254572587183924,552194
"hypo","others",0.320832434373389,723185
"hyper","protein_coding",0.000943872962469057,371708
"hyper","protein_coding",0.184707630685957,53304
"hyper","microRNA",0.00197634804910636,141729
"hypo","others",0.0266021617276972,15988
"hyper","others",0.0757186890184895,512557
"hyper","protein_coding",4.78367850779669e-05,65482
"hyper","protein_coding",0.017349242049929,604055
"hypo","microRNA",0.0157246458100182,973627
"hyper","protein_coding",0.0464529878357207,378533
"hypo","protein_coding",1.32748995404578e-06,705984
"hypo","protein_coding",0.134325926259851,837267
"hyper","others",6.66955101269921e-07,786404
"hyper","protein_coding",5.7544863211163e-06,326234
"hyper","protein_coding",0.00395042997826971,334489
"hyper","others",1.0360020531897e-06,220324
"hyper","lincRNA",0.0178069168221645,342688
"hyper","protein_coding",0.00114158228798788,60414
"hyper","others",0.0679256154865738,135555
"hyper","protein_coding",0.00193704446509081,36339
"hypo","protein_coding",0.0290428932428798,802641
"hypo","psedo-gene",0.000441302677109449,702478
"hyper","protein_coding",0.012384089316801,600031
"hypo","microRNA",0.0928433854039181,748470
"hyper","protein_coding",4.00390790262522e-06,610514
"hyper","protein_coding",0.00434922782852716,538708
"hyper","protein_coding",1.69276011014127e-06,505131
"hypo","psedo-gene",0.0350386939764039,110911
"hypo","protein_coding",0.0380726241277415,585317
"hyper","others",8.95347559229918e-05,959735
"hyper","protein_coding",0.000287589422920502,80727
"hyper","lincRNA",0.000787035621973771,162975
"hypo","protein_coding",0.00202134848152702,59778
"hyper","protein_coding",0.00011828921832204,900092
"hypo","protein_coding",0.230534654231436,816092
"hypo","protein_coding",0.209943303229302,88914
"hyper","others",0.0365251774926358,303494
"hyper","protein_coding",0.0055051145413917,27791
"hyper","psedo-gene",0.0060967618391075,547110
"hyper","microRNA",2.02273667089937e-05,697342
"hyper","psedo-gene",0.00715650534647941,991851
"hyper","protein_coding",7.43123726652654e-05,12474
"hyper","lincRNA",9.53729371849674e-06,441459
"hyper","protein_coding",0.00288200332773222,136026
"hyper","protein_coding",0.00129397134130448,113642
"hypo","protein_coding",9.17396606443943e-05,708003
"hypo","protein_coding",0.00758239448375551,133782
"hyper","protein_coding",0.000152239214058296,336908
"hyper","others",2.9775254824563e-06,661479
"hyper","protein_coding",0.0439682113429623,563994
"hypo","others",0.149609219955442,688673
"hypo","protein_coding",0.0179573015322101,986910
"hypo","protein_coding",0.0175268075726149,27498
"hyper","protein_coding",2.46614938723128e-05,615070
"hypo","microRNA",0.00109404493127582,86817
"hyper","microRNA",0.0130153806788385,620590
"hyper","others",0.00513628551102172,198992
"hyper","psedo-gene",6.38851500309247e-05,635778
"hypo","microRNA",3.29202718890012e-05,54953
"hypo","others",0.000277913290501808,96164
"hypo","protein_coding",6.49364645219774e-05,114094
"hyper","protein_coding",0.000240821943778471,164972
"hyper","lincRNA",0.110272766964204,418946
"hypo","protein_coding",0.0164194037804691,652551
"hyper","protein_coding",0.00038958274572608,918390
"hyper","protein_coding",0.69256733718043,61949
"hyper","protein_coding",5.51731373939075e-06,97297
"hypo","microRNA",0.00994944085527007,583649
"hyper","protein_coding",0.00318878366000187,802747
"hyper","protein_coding",0.000130559558897728,789211
"hyper","others",9.64268597544341e-06,654371
"hyper","protein_coding",0.317679092848847,812593
"hyper","protein_coding",0.0156565933277305,496574
"hyper","protein_coding",8.97333976405254e-06,559193
"hyper","lincRNA",0.000696654778984638,354209
"hyper","protein_coding",0.00222185097080456,125124
"hypo","protein_coding",4.00597134191376e-05,915807
"hyper","protein_coding",0.000351424460159834,856789
"hypo","others",0.124434981277831,362834
"hyper","protein_coding",0.0807723631206053,813768
"hyper","protein_coding",3.51117002936104e-07,73391
"hyper","lincRNA",0.00977481544795549,215450
"hyper","psedo-gene",0.000777478470146644,244265
"hyper","protein_coding",2.76403554006168e-05,61066
"hyper","microRNA",0.0297344305852823,279210
"hypo","protein_coding",0.00640938194143618,97141
"hyper","protein_coding",0.00264061479226171,839859
"hypo","protein_coding",0.132796423300935,300002
"hyper","psedo-gene",0.000130669680228922,16135
"hypo","others",0.000121308739885938,945380
"hyper","protein_coding",0.00149401905898567,517939
"hyper","lincRNA",2.40770276948463e-06,875853
"hyper","protein_coding",0.00835298669252254,259970
"hypo","protein_coding",0.0528899639663018,15
"hyper","psedo-gene",0.150231567757569,813229
"hyper","lincRNA",0.000107775480385934,39531
"hyper","lincRNA",0.0018979390374905,872767
"hyper","protein_coding",1.41165623315272e-06,731137
"hyper","others",0.00619539245169829,466734
"hypo","protein_coding",0.0292312105041047,484354
"hyper","others",1.19818543600742e-07,730092
"hyper","protein_coding",0.62586919042384,98762
"hyper","protein_coding",0.0172771616536892,781189
"hyper","others",0.00353220654716808,984582
"hyper","protein_coding",0.00906838624221586,191887
"hypo","protein_coding",0.00651459713608533,622951
"hyper","protein_coding",0.173611296070996,836844
"hyper","psedo-gene",0.00197593665722347,692177
"hyper","microRNA",0.000693939806821468,617181
"hyper","others",0.0184915210992713,814405
"hyper","protein_coding",0.174384311189072,206885
"hyper","protein_coding",0.00201647990258792,135011
"hyper","others",5.37763474548908e-06,30849
"hypo","lincRNA",1.51381465748994e-06,455235
"hypo","protein_coding",0.0378105752166174,535149
"hyper","microRNA",0.000103804354723493,206823
"hypo","protein_coding",0.0897918822410153,574684
"hyper","protein_coding",0.000300145354445032,996201
"hyper","psedo-gene",0.00194299656880042,70149
"hyper","psedo-gene",0.62884355525968,900144
"hypo","others",8.93581771640661e-07,868778
"hyper","psedo-gene",0.0617520949306606,6834
"hyper","protein_coding",0.0108087824344394,532882
"hyper","protein_coding",0.00459650392348269,74380
"hypo","protein_coding",7.08871515885534e-05,963632
"hyper","protein_coding",0.0321035674243556,272255
"hyper","psedo-gene",6.19471471967232e-06,430294
"hyper","protein_coding",0.00291596814601044,637195
"hyper","lincRNA",0.0130728300405977,501081
"hyper","protein_coding",0.68002576667894,901131
"hypo","protein_coding",0.0255282742914581,139313
"hyper","protein_coding",0.000525594572165343,385786
"hyper","psedo-gene",0.00118986503018664,2820
"hypo","protein_coding",0.000572313403215604,934669
"hypo","psedo-gene",0.00788128141799907,521671
"hyper","protein_coding",0.00167599701000536,396425
"hypo","lincRNA",8.38558356599316e-06,793587
"hyper","psedo-gene",8.37681354089038e-05,923343
"hypo","protein_coding",0.085212580475888,628347
"hyper","protein_coding",0.0046203450247133,264239
"hyper","protein_coding",1.01034118508501e-05,800906
"hypo","protein_coding",8.59642704967631e-07,26204
"hyper","protein_coding",6.24553930588942e-07,8399
"hyper","protein_coding",0.000351111827993245,348746
"hypo","protein_coding",0.00284672765951532,562368
"hyper","protein_coding",0.000809473893437009,61946
"hypo","protein_coding",0.00100304427068318,660595
"hyper","protein_coding",0.0018346022787246,1463
"hyper","protein_coding",0.000225487123691241,153849
"hyper","microRNA",5.73586032659609e-05,492322
"hypo","protein_coding",1.41626012121168e-05,12115
"hyper","protein_coding",0.0934831038838026,319295
"hyper","protein_coding",0.00541273792940569,479283
"hypo","protein_coding",0.0299931315915157,327667
"hyper","protein_coding",0.228378456566162,563594
"hyper","lincRNA",9.46465778515933e-05,863759
"hypo","psedo-gene",0.0732364192950897,757770
"hyper","protein_coding",0.0244446866286933,72078
"hyper","protein_coding",0.00694572062688741,955772
"hypo","lincRNA",1.91609761584992e-05,265518
"hyper","psedo-gene",0.809539445069235,582117
"hyper","microRNA",0.0196775734070926,619722
"hyper","lincRNA",5.06153199487222e-06,352127
"hyper","microRNA",0.0265517739477831,97760
"hypo","protein_coding",0.0144026815730155,464571
"hyper","others",3.42163706821309e-07,850469
"hyper","protein_coding",7.14723197883555e-05,978109
"hyper","others",1.45364882671768e-06,74399
"hypo","protein_coding",0.0370457551170316,42595
"hyper","protein_coding",0.148351335094819,101876
"hypo","others",0.000442563434755713,6594
"hyper","lincRNA",9.73844361620165e-05,965217
"hyper","protein_coding",0.163503985606264,23975
"hyper","lincRNA",3.17935962885271e-05,62650
"hyper","microRNA",0.00888569295888383,477623
"hyper","others",0.226374580947735,3667
"hyper","psedo-gene",0.000677971516142527,457053
"hypo","protein_coding",0.0184300049680707,907920
"hypo","lincRNA",0.119333768529427,526339
"hyper","protein_coding",0.0987051366145727,962052
"hyper","protein_coding",9.40605052860397e-05,848400
"hyper","protein_coding",0.0364923703463191,514247
"hyper","protein_coding",0.00214431722585865,678799
"hyper","lincRNA",0.0220711125480543,332194
"hyper","protein_coding",8.49878570578655e-05,637050
"hyper","protein_coding",0.000182438143634339,169046
"hyper","protein_coding",0.616565905106472,27992
"hyper","protein_coding",0.00643592551015967,592111
"hyper","protein_coding",0.000373374515446587,775622
"hyper","protein_coding",0.000938992436461828,568721
"hyper","protein_coding",3.00676501174878e-05,848059
"hyper","microRNA",0.00160063450458795,13693
"hyper","lincRNA",0.00120627851138534,616731
"hypo","protein_coding",9.68265229554855e-05,673130
"hyper","protein_coding",0.000382515614787513,506557
"hyper","protein_coding",0.00503248680126358,743903
"hypo","protein_coding",0.119912929844761,36983
"hyper","microRNA",0.00590718425355743,578902
"hypo","protein_coding",0.00126987228472175,364564
"hyper","protein_coding",0.0384589721494962,538135
"hyper","protein_coding",0.0195177574640215,686632
"hyper","protein_coding",0.0902441796761569,561500
"hyper","lincRNA",0.000317417293069563,707574
"hyper","protein_coding",8.3136156959346e-05,714828
"hyper","others",0.0438773063996121,509237
"hypo","protein_coding",0.0278796532959488,738810
"hyper","protein_coding",0.0596666910847963,420476
"hyper","lincRNA",0.000292068051166005,76761
"hyper","protein_coding",0.0294134445143179,689226
"hyper","protein_coding",0.000642272373890055,493313
"hyper","protein_coding",0.00029914402354528,548548
"hyper","psedo-gene",0.00143442561385023,927607
"hypo","protein_coding",0.127988776785861,81618
"hyper","protein_coding",0.0248907399277991,200276
"hyper","protein_coding",0.00820511313872089,44720
"hyper","microRNA",0.542613755789119,22841
"hyper","lincRNA",0.575081901810585,358541
"hyper","others",0.0433113948098398,678208
"hyper","others",0.0379245758671642,238777
"hyper","protein_coding",0.203434541519206,970984
"hypo","protein_coding",0.318689367391091,182040
"hyper","microRNA",0.00124380595179279,83769
"hyper","protein_coding",5.14047072950248e-05,739895
"hyper","lincRNA",0.00515758362166168,891809
"hyper","protein_coding",0.000515336851467319,250397
"hyper","others",0.210243304952522,6731
"hyper","protein_coding",0.0915319694613686,48398
"hypo","protein_coding",0.41806291136376,386343
"hyper","protein_coding",0.039490352665739,8223
"hyper","psedo-gene",0.0625405371944305,105617
"hypo","protein_coding",5.87900132112444e-05,187906
"hypo","lincRNA",0.230233381322631,298756
"hyper","protein_coding",0.428888996422761,982016
"hyper","others",0.000483052546765245,966960
"hyper","protein_coding",0.0139850760768478,443205
"hyper","protein_coding",8.54178489762895e-06,35768
"hyper","others",0.0842557401977508,187640
"hyper","protein_coding",0.0350112256342403,804479
"hypo","protein_coding",0.000228417045408567,36587
"hyper","protein_coding",0.0131227844660764,423236
"hypo","protein_coding",0.0167304386263852,59704
"hyper","others",0.0860559269985031,162950
"hyper","protein_coding",1.4159306013794e-06,146674
"hyper","microRNA",0.00077587669430425,16274
"hyper","protein_coding",0.00185458303464077,267815
"hyper","microRNA",0.000652779283782491,372653
"hyper","protein_coding",0.000294213998711363,462439
"hypo","protein_coding",0.33140182911036,859112
"hypo","microRNA",0.627043923550567,845950
"hyper","psedo-gene",9.17204743647037e-05,838408
"hyper","protein_coding",0.0281629119575661,2512
"hyper","protein_coding",0.00845818437416095,124446
"hypo","lincRNA",0.619913593725901,715677
"hyper","psedo-gene",0.00492442302440024,657626
"hyper","microRNA",0.0281842280491431,320342
"hypo","others",0.0772631133793712,664873
"hyper","microRNA",0.146548602944199,512081
"hyper","microRNA",0.04987916565012,368632
"hyper","others",0.0019032566695098,597637
"hyper","microRNA",6.56794929965571e-05,500540
"hyper","protein_coding",0.0357718105968011,912962
"hyper","protein_coding",0.000292031299498037,561904
"hyper","others",0.000532752043996372,23424
"hyper","others",0.0846608220280686,612681
"hyper","protein_coding",0.000193431119054684,591468
"hyper","microRNA",0.00134321045018879,49941
"hyper","protein_coding",0.0101439583877677,659979
"hyper","protein_coding",3.11678273735032e-07,679821
"hyper","protein_coding",0.0029558712874138,380996
"hyper","protein_coding",0.000303602828453905,10374
"hyper","psedo-gene",0.0412662046964983,412347
"hypo","protein_coding",0.066161039637611,383131
"hyper","protein_coding",0.936160692739662,916269
"hyper","microRNA",0.00796582663315473,4437
"hyper","protein_coding",0.0506666019781882,244581
"hyper","protein_coding",0.0818111176322625,333044
"hyper","protein_coding",6.60082355782509e-05,971665
"hyper","lincRNA",2.80886201459044e-07,621403
"hypo","protein_coding",0.015647734985951,313714
"hypo","protein_coding",0.161147318769903,98693
"hyper","psedo-gene",0.00206605488921799,850271
"hyper","protein_coding",0.112917189284298,658827
"hyper","lincRNA",3.7429259738178e-06,534503
"hypo","microRNA",0.00215518078959784,847890
"hyper","protein_coding",0.207796012405723,398975
"hyper","protein_coding",0.0278499774216787,197372
"hyper","protein_coding",0.14553037982316,760947
"hyper","lincRNA",0.00108689434835593,184673
"hyper","protein_coding",0.0366881616007756,656461
"hyper","protein_coding",0.00270842045140144,508209
"hypo","protein_coding",5.83791622785464e-06,339918
"hyper","psedo-gene",0.00747653032499394,136491
"hyper","psedo-gene",0.0122510163391601,22446
"hyper","lincRNA",0.0225113725303051,757793
"hyper","protein_coding",0.000287859537582155,586856
"hyper","protein_coding",0.0434912252875206,795728
"hyper","microRNA",0.000771438088560974,186854
"hyper","others",1.00479184837706e-06,418202
"hyper","protein_coding",2.36001823565783e-06,18407
"hypo","lincRNA",0.0028502185796246,71441
"hyper","protein_coding",4.90679530893671e-05,195390
"hyper","protein_coding",0.00462390948147062,847561
"hyper","microRNA",0.000306506394203047,833006
"hyper","protein_coding",0.0141783624485034,237048
"hypo","protein_coding",0.00483395335660089,18510
"hyper","protein_coding",0.00744093124942317,988812
"hypo","others",0.0070942742914351,543628
"hyper","protein_coding",0.00168992076978149,676976
"hyper","protein_coding",0.000994016137304179,734205
"hyper","protein_coding",0.000110540488880096,941128
"hyper","protein_coding",7.26047795103157e-07,428105
"hyper","others",9.81690842172685e-05,516966
"hyper","protein_coding",0.00239431126332993,980736
"hyper","protein_coding",0.000990507987259906,848455
"hyper","protein_coding",0.108432606075448,36964
"hypo","protein_coding",0.000142977051046523,621478
"hyper","others",0.00325413930254519,831233
"hyper","lincRNA",0.00297811386254609,354418
"hypo","protein_coding",0.000127325501743039,211165
"hyper","protein_coding",1.60857920951134e-05,321312
"hyper","protein_coding",1.75429716902299e-05,61458
"hyper","protein_coding",0.0140389462640003,988945
"hyper","protein_coding",0.00141033027190862,288381
"hypo","protein_coding",0.000275823378469853,484522
"hyper","protein_coding",4.22723735673971e-05,35554
"hyper","protein_coding",0.0174874229549809,94923
"hypo","protein_coding",9.19330173985863e-06,23139
"hyper","protein_coding",0.128751809040247,233906
"hypo","protein_coding",0.00122229250045543,549507
"hyper","microRNA",0.00550519777790325,308474
"hyper","protein_coding",3.27179581262903e-05,23386
"hyper","protein_coding",0.000280559520688304,347462
"hyper","protein_coding",0.118060392055505,420167
"hyper","protein_coding",0.00176296664861612,15216
"hyper","protein_coding",0.000388491908742611,913636
"hyper","lincRNA",0.000181032399944046,75879
"hyper","protein_coding",1.94006551194967e-05,811790
"hyper","protein_coding",0.0158137328940671,423593
"hypo","protein_coding",0.0659354616944498,60011
"hyper","psedo-gene",4.55590570428592e-07,52041
"hyper","protein_coding",2.89094962934519e-05,217543
"hypo","lincRNA",0.000673720332276282,242002
"hyper","protein_coding",0.000542894566832628,13472
"hyper","lincRNA",5.08440466785235e-05,781007
"hypo","protein_coding",0.00117673084360843,306992
"hypo","psedo-gene",0.00186209793270569,504203
"hyper","lincRNA",3.50838900151634e-05,551475
"hyper","protein_coding",0.0059390540062789,344310
"hyper","protein_coding",0.189667068907436,584614
"hyper","protein_coding",0.000208341018140641,408026
"hyper","lincRNA",0.327401701910261,860660
"hyper","protein_coding",0.00143806577992381,776789
"hyper","microRNA",0.0112633877091396,717759
"hyper","protein_coding",0.0245787775221613,522327
"hyper","protein_coding",0.0027326686274372,605926
"hyper","lincRNA",0.130111662723524,854177
"hyper","protein_coding",2.43518341327528e-06,808982
"hyper","protein_coding",0.02435766592257,7068
"hypo","psedo-gene",0.00349221148743156,66457
"hypo","protein_coding",0.00754077289756226,795870
"hyper","microRNA",0.000957785696832259,51742
"hyper","psedo-gene",0.00887084556765998,827188
"hyper","protein_coding",0.000165772960104721,114414
"hyper","lincRNA",0.0188800190689892,697265
"hyper","protein_coding",4.96811148795336e-05,358397
"hyper","protein_coding",0.406545435181936,565447
"hyper","microRNA",2.95929696529361e-06,902015
"hyper","others",0.000412484471562907,206888
"hyper","lincRNA",0.0419589606025186,714809
"hyper","microRNA",0.0149569327825186,674460
"hyper","protein_coding",0.00106231014030216,958767
"hyper","protein_coding",0.0271672455256661,15487
"hypo","protein_coding",0.00523118792726194,160948
"hypo","protein_coding",0.0221915962615004,494621
"hyper","protein_coding",8.1618301608627e-06,34778
"hyper","psedo-gene",0.0251789308049506,6700
"hypo","protein_coding",0.000209410742182265,219064
"hyper","protein_coding",0.00120813774251346,548016
"hyper","others",0.000248678198500886,913852
"hyper","protein_coding",0.0066270792675605,158770
"hypo","lincRNA",0.00767598227041176,367101
"hyper","psedo-gene",0.636678097824204,185570
"hyper","protein_coding",0.00536606110438839,44930
"hyper","microRNA",0.0880793203262487,14143
"hyper","protein_coding",0.0388967903033188,499865
"hyper","protein_coding",9.38111217648954e-05,519406
"hyper","protein_coding",0.000904224745179124,585382
"hyper","protein_coding",9.49475739056596e-05,975708
"hyper","protein_coding",0.209041846618103,637277
"hyper","protein_coding",0.0019780539161487,571886
"hyper","protein_coding",0.000115384780669047,466723
"hyper","others",5.54581760673689e-05,443482
"hyper","others",0.0676194208884919,594010
"hyper","psedo-gene",5.38091631844103e-06,377376
"hyper","psedo-gene",7.20030443281629e-05,892236
"hyper","microRNA",0.0564050569335114,495772
"hyper","protein_coding",0.110081883035198,931957
"hyper","microRNA",0.000110160108463939,746865
"hyper","protein_coding",0.00586720739016653,20387
"hyper","others",0.00870015917681276,805735
"hyper","protein_coding",0.00768547566063284,881773
"hyper","protein_coding",0.00119637939790498,981929
"hyper","protein_coding",0.0380567398458096,260300
"hyper","protein_coding",2.48392753897196e-08,388413
"hyper","protein_coding",0.00156370495240366,33223
"hyper","protein_coding",0.331990504173286,758371
"hyper","lincRNA",0.246459940890113,887744
"hypo","protein_coding",0.00893093414904278,776709
"hyper","protein_coding",0.0290913730694564,451054
"hyper","protein_coding",0.0123562247670327,571103
"hypo","microRNA",0.505558451779707,882316
"hypo","microRNA",0.246781123801018,55772
"hypo","protein_coding",0.00350220734435768,695836
"hypo","microRNA",0.000528244303494609,450694
"hyper","protein_coding",0.000126469296831633,259537
"hypo","protein_coding",0.0143997670413914,57532
"hyper","protein_coding",0.0447510645904153,445011
"hyper","others",0.000441200990700978,640042
"hyper","protein_coding",0.0018315174260179,577423
"hyper","protein_coding",0.0310499370977877,416586
"hyper","lincRNA",0.000725794278270867,49583
"hyper","protein_coding",0.00238767445126809,393496
"hypo","protein_coding",5.225914258858e-05,367341
"hyper","protein_coding",1.15823651796865e-05,262192
"hyper","psedo-gene",0.00256551512413619,199785
"hyper","protein_coding",0.00176108847942002,545846
"hyper","protein_coding",0.100647055663395,199863
"hyper","microRNA",5.68897248727864e-06,177838
"hyper","protein_coding",2.12808535344267e-05,619118
"hyper","others",1.58215003421654e-06,565601
"hyper","lincRNA",0.000359581380547978,300654
"hyper","psedo-gene",0.00170669094617171,623164
"hyper","protein_coding",0.000655073451775721,648012
"hyper","protein_coding",5.39465602172272e-05,444841
"hyper","protein_coding",0.00379598608151114,656596
"hypo","microRNA",4.77706481866776e-05,92597
"hypo","protein_coding",0.0615714481939207,61442
"hyper","protein_coding",0.00112994398429277,350047
"hyper","protein_coding",0.0668277778057739,441661
"hyper","lincRNA",0.143698919694971,766220
"hyper","protein_coding",0.20749607201923,506520
"hyper","psedo-gene",0.0714651775941236,300771
"hyper","microRNA",0.00608038121262671,554982
"hypo","protein_coding",0.0806565154285159,981076
"hyper","protein_coding",0.050860924718479,778895
"hyper","protein_coding",0.00342505978915155,312805
"hyper","protein_coding",8.01216482977522e-06,803982
"hyper","lincRNA",0.119712923061541,620518
"hyper","protein_coding",1.736532188678e-06,558359
"hyper","protein_coding",0.00855414115358068,309817
"hypo","protein_coding",0.000294523558455396,7302
"hyper","microRNA",0.0176398310844895,867004
"hypo","psedo-gene",0.102986747173497,880803
"hyper","lincRNA",0.00907817278087146,187922
"hyper","protein_coding",0.272554890377146,873649
"hypo","microRNA",0.00237051301147647,789496
